[{"id":"8890eea4.776f1","type":"function","name":"","func":"var ob = msg.payload;\nvar array = [{},{}];\nvar out = {};\nout.id = \"2\";\nout.data = {};\nout.data.id = 2;\nout.data.name = '59.213.208.57';\nvar inbytes = 0 ;\nvar outbytes = 0;\nvar inerror = 0;\nvar outerror = 0;\nvar upbytes = 0;\nvar downbytes = 0;\n\nfor(var i in ob.statusinfos)\n{\n    inbytes += (parseInt(ob.statusinfos[i].inbytes)/1024);\n    outbytes += (parseInt(ob.statusinfos[i].outbytes)/1024);\n    inerror += parseInt(ob.statusinfos[i].inErrors);\n    outerror += parseInt(ob.statusinfos[i].outErrors);\n    \n    var re = ob.statusinfos[i].name.replace(/\\s+/g,\"\");\n    if(re == 'GigabitEthernet2/0/2')\n       {\n           var refob = {};\n           refob.from = 2;\n           refob.to = 3;\n           refob.bit_rate = ((parseInt(ob.statusinfos[i].inbytes)/1024) + (parseInt(ob.statusinfos[i].outbytes)/1024)).toFixed(1);\n           refob.conn_error = 0;\n           refob.edge_width = 0.1;\n           array[0] = refob;\n       }\n       if(re == 'GigabitEthernet2/0/1')\n       {\n           var refob = {};\n           refob.from = 2;\n           refob.to = 4;\n           refob.bit_rate = ((parseInt(ob.statusinfos[i].inbytes)/1024) + (parseInt(ob.statusinfos[i].outbytes)/1024)).toFixed(1);\n           refob.conn_error = 0;\n           refob.edge_width = 0.1;\n            array[1] = refob;\n       }  \n       if(re == 'GigabitEthernet2/0/9')\n       {\n           upbytes = (parseInt(ob.statusinfos[i].inbytes)/1024);\n           downbytes = (parseInt(ob.statusinfos[i].outbytes)/1024);\n       }\n}\nout.inbytes = inbytes.toFixed(1);\nout.outbytes = outbytes.toFixed(1);\nout.updownbytes = upbytes + downbytes;\nout.inerror = inerror;\nout.outerror = outerror;\nout.timestamp = Date.parse(new Date());\nout.ref = array;\nmsg.payload = out;\nreturn msg;","outputs":1,"x":497,"y":397,"z":"648e7f66.9b718","wires":[["b933f8c7.46cc08"]]},{"id":"ca996921.356698","type":"redisPub","name":"snmp_data_egov","host":"127.0.0.1","port":6379,"user":"","passwd":"","channel":"lsz_snmpdata_egov","x":845,"y":471,"z":"648e7f66.9b718","wires":[]},{"id":"590c3527.a6f3cc","type":"redisSub","name":"","host":"127.0.0.1","port":6379,"user":"","passwd":"","channel":"snmpstatus_zbj_channel","x":98,"y":463,"z":"648e7f66.9b718","wires":[["4a09f84d.b5f608"]]},{"id":"4a09f84d.b5f608","type":"function","name":"JsonToObject","func":"var ob = eval(\"(\" + msg.payload + \")\");\nmsg.payload = ob;\nreturn msg;","outputs":1,"x":256,"y":564,"z":"648e7f66.9b718","wires":[["9bc11421.643ee8","e0866ac.f1f7998","a8c50947.573af8"]]},{"id":"a53d4590.5ac2b8","type":"function","name":"","func":"var ob = msg.payload;\nvar array = [{},{},{}];\nvar out = {};\nout.id = \"1\";\nout.data = {};\nout.data.id = 1;\nout.data.name = '59.213.208.53';\nvar inbytes = 0 ;\nvar outbytes = 0;\nvar inerror = 0;\nvar outerror = 0;\nvar upbytes = 0;\nvar downbytes = 0;\n\nfor(var i in ob.statusinfos)\n{\n    inbytes += (parseInt(ob.statusinfos[i].inbytes)/1024);\n    outbytes += (parseInt(ob.statusinfos[i].outbytes)/1024);\n    inerror += parseInt(ob.statusinfos[i].inErrors);\n    outerror += parseInt(ob.statusinfos[i].outErrors);\n    \n    var re = ob.statusinfos[i].name.replace(/\\s+/g,\"\");\n    if(re == 'Pos1/0/0')\n    {\n        var refob = {};\n           refob.from = 1;\n           refob.to = 2;\n           refob.bit_rate = ((parseInt(ob.statusinfos[i].inbytes)/1024) + (parseInt(ob.statusinfos[i].outbytes)/1024)).toFixed(1);\n           refob.conn_error = 0;\n           refob.edge_width = 0.1;\n           array[0] = refob;\n    }\n    if(re == 'GigabitEthernet4/0/0.4061')\n       {\n           var refob = {};\n           refob.from = 1;\n           refob.to = 3;\n           refob.bit_rate = ((parseInt(ob.statusinfos[i].inbytes)/1024) + (parseInt(ob.statusinfos[i].outbytes)/1024)).toFixed(1);\n           refob.conn_error = 0;\n           refob.edge_width = 0.1;\n            array[1] = refob;\n       }\n       if(re == 'GigabitEthernet4/0/1.4062')\n       {\n           var refob = {};\n           refob.from = 1;\n           refob.to = 4;\n           refob.bit_rate = ((parseInt(ob.statusinfos[i].inbytes)/1024) + (parseInt(ob.statusinfos[i].outbytes)/1024)).toFixed(1);\n           refob.conn_error = 0;\n           refob.edge_width = 0.1;\n            array[2] = refob;\n       }\n       if(re == 'GigabitEthernet2/0/9')\n       {\n           upbytes = (parseInt(ob.statusinfos[i].inbytes)/1024);\n           downbytes = (parseInt(ob.statusinfos[i].outbytes)/1024);\n       }\n}\nout.inbytes = inbytes.toFixed(1);\nout.outbytes = outbytes.toFixed(1);\nout.updownbytes = upbytes + downbytes;\nout.inerror = inerror;\nout.outerror = outerror;\nout.timestamp = Date.parse(new Date());\nout.ref = array;\nmsg.payload = out;\nreturn msg;","outputs":1,"x":500,"y":281,"z":"648e7f66.9b718","wires":[["b933f8c7.46cc08"]]},{"id":"9bc11421.643ee8","type":"function","name":"","func":"var ob = msg.payload;\n\nif(ob.source == '59.213.208.121')\n{\n   var array = [];\n   var out = {};\n   out.data = {};\n\n   var refob = {};\n\n     out.id = \"4\";\n     out.data.id = 4;\n     refob.from = 4;\n     refob.to = 5;\n\n\n   out.data.name = ob.source;\n   var inbytes = 0 ;\n   var outbytes = 0;\n   var inerror = 0;\n   var outerror = 0;\n\n   \n\n  for(var i in ob.statusinfos)\n  {\n    inbytes += (parseInt(ob.statusinfos[i].inbytes)/1024);\n    outbytes += (parseInt(ob.statusinfos[i].outbytes)/1024);\n    inerror += parseInt(ob.statusinfos[i].inErrors);\n    outerror += parseInt(ob.statusinfos[i].outErrors);\n    \n    var re = ob.statusinfos[i].name.replace(/\\s+/g,\"\");\n    if(re == 'GigabitEthernet8/0/0' || re == 'GigabitEthernet8/0/1')\n    {\n        refob.bit_rate = ((parseInt(ob.statusinfos[i].inbytes)/1024) + (parseInt(ob.statusinfos[i].outbytes)/1024)).toFixed(1);\n    }\n    \n  \n   }\n   \n   refob.conn_error = 0;\n   refob.edge_width = 0.1;\n   array.push(refob);\n   out.ref = array;\n   out.inbytes = inbytes.toFixed(1);\n   out.outbytes = outbytes.toFixed(1);\n   out.inerror = inerror;\n   out.outerror = outerror;\n   out.timestamp = Date.parse(new Date());\n   msg.payload = out;\n   return msg;\n}","outputs":1,"x":434,"y":503,"z":"648e7f66.9b718","wires":[["b933f8c7.46cc08"]]},{"id":"b933f8c7.46cc08","type":"function","name":"","func":"var ob = msg.payload;\npayload = {'value':ob};\nmsg.payload = {'MsgID':'lsz_snmpdata_egov','username':'admin','payload':payload}\nmsg.payload = JSON.stringify(msg.payload);\nreturn msg;","outputs":1,"x":667,"y":417,"z":"648e7f66.9b718","wires":[["ca996921.356698"]]},{"id":"7cc004f9.833ffc","type":"function","name":"filter_53","func":"var ob = msg.payload;\nif(ob.source == '59.213.208.53')\n    return msg;","outputs":1,"x":371,"y":260,"z":"648e7f66.9b718","wires":[["a53d4590.5ac2b8"]]},{"id":"b863a677.479c58","type":"function","name":"filter_57","func":"var ob = msg.payload;\nif(ob.source == '59.213.208.57')\n    return msg;","outputs":1,"x":373,"y":402,"z":"648e7f66.9b718","wires":[["8890eea4.776f1"]]},{"id":"754b399d.8ab4c8","type":"redisSub","name":"snmpstatus_channel","host":"127.0.0.1","port":6379,"user":"","passwd":"","channel":"snmpstatus_channel","x":166,"y":146,"z":"648e7f66.9b718","wires":[["71d44f4c.8e2bb"]]},{"id":"71d44f4c.8e2bb","type":"function","name":"JsonToObject","func":"var ob = eval(\"(\" + msg.payload + \")\");\nmsg.payload = ob;\nreturn msg;","outputs":1,"x":205,"y":309,"z":"648e7f66.9b718","wires":[["7cc004f9.833ffc","b863a677.479c58"]]},{"id":"e0866ac.f1f7998","type":"function","name":"10.21.1.1","func":"var ob = msg.payload;\nif(ob.source == '10.21.1.1')\n{\n    var out = {};\n    out.data = {};\n    out.id = \"5\";\n    out.data.id = 5;\n    \n    out.data.name = ob.source;\nvar inbytes = 0 ;\nvar outbytes = 0;\nvar inerror = 0;\nvar outerror = 0;\n\nfor(var i in ob.statusinfos)\n{\n    inbytes += (parseInt(ob.statusinfos[i].inbytes)/1024);\n    outbytes += (parseInt(ob.statusinfos[i].outbytes)/1024);\n    inerror += parseInt(ob.statusinfos[i].inErrors);\n    outerror += parseInt(ob.statusinfos[i].outErrors);\n}\n\nout.inbytes = inbytes.toFixed(1);\nout.outbytes = outbytes.toFixed(1);\nout.inerror = inerror;\nout.outerror = outerror;\nout.timestamp = Date.parse(new Date());\nmsg.payload = out;\n\n    return msg;\n}","outputs":1,"x":480,"y":605,"z":"648e7f66.9b718","wires":[["b933f8c7.46cc08"]]},{"id":"a8c50947.573af8","type":"function","name":"","func":"var ob = msg.payload;\n\nif(ob.source == '59.213.208.78')\n{\n   var array = [{},{}];\n   var out = {};\n   out.data = {};\n    \n    \n    out.id = \"3\";\n    out.data.id = 3;\n     \n   out.data.name = ob.source;\nvar inbytes = 0 ;\nvar outbytes = 0;\nvar inerror = 0;\nvar outerror = 0;\n\nfor(var i in ob.statusinfos)\n{\n    inbytes += (parseInt(ob.statusinfos[i].inbytes)/1024);\n    outbytes += (parseInt(ob.statusinfos[i].outbytes)/1024);\n    inerror += parseInt(ob.statusinfos[i].inErrors);\n    outerror += parseInt(ob.statusinfos[i].outErrors);\n    \n    var re = ob.statusinfos[i].name.replace(/\\s+/g,\"\");\n    if(re == 'GigabitEthernet0/0/1' || re == 'GigabitEthernet0/0/2')\n    {\n       var refob = {};\n           refob.from = 3;\n           refob.to = 4;\n           refob.bit_rate = ((parseInt(ob.statusinfos[i].inbytes)/1024) + (parseInt(ob.statusinfos[i].outbytes)/1024)).toFixed(1);\n           refob.conn_error = 0;\n           refob.edge_width = 0.1;\n           array[0] = refob;  \n    }\n    if(re == 'GigabitEthernet8/0/0' || re == 'GigabitEthernet8/0/1')\n    {\n         var refob = {};\n           refob.from = 3;\n           refob.to = 5;\n           refob.bit_rate = ((parseInt(ob.statusinfos[i].inbytes)/1024) + (parseInt(ob.statusinfos[i].outbytes)/1024)).toFixed(1);\n           refob.conn_error = 0;\n           refob.edge_width = 0.1;\n           array[1] = refob;\n    }\n    \n}\n\nout.inbytes = inbytes.toFixed(1);\nout.outbytes = outbytes.toFixed(1);\nout.inerror = inerror;\nout.outerror = outerror;\n   out.ref = array;\n   out.timestamp = Date.parse(new Date());\n   msg.payload = out;\n\n     return msg;\n}","outputs":1,"x":296,"y":699,"z":"648e7f66.9b718","wires":[["b933f8c7.46cc08"]]}]