[{"id":"cffee883.300118","type":"function","name":"核心路由器","func":"var ob = msg.payload;\nif(ob.source == '59.213.208.53')\n{\nvar array = [{},{},{}];\nvar out = {};\nout.id = \"1\";\nout.data = {};\nout.data.id = 1;\nout.data.name = '59.213.208.53';\nvar inbytes = 0 ;\nvar outbytes = 0;\nvar inerror = 0;\nvar outerror = 0;\nvar upbytes = 0;\nvar downbytes = 0;\n\nfor(var i in ob.statusinfos)\n{\n    inbytes += (parseInt(ob.statusinfos[i].inbytes)/1024);\n    outbytes += (parseInt(ob.statusinfos[i].outbytes)/1024);\n    inerror += parseInt(ob.statusinfos[i].inErrors);\n    outerror += parseInt(ob.statusinfos[i].outErrors);\n    \n    var re = ob.statusinfos[i].name.replace(/\\s+/g,\"\");\n    if(re == 'Pos1/0/0')\n    {\n        var refob = {};\n           refob.from = 1;\n           refob.to = 2;\n           refob.bit_rate = ((parseInt(ob.statusinfos[i].inbytes)/1024) + (parseInt(ob.statusinfos[i].outbytes)/1024)).toFixed(1);\n           refob.conn_error = 0;\n           refob.edge_width = 0.1;\n           array[0] = refob;\n    }\n    if(re == 'GigabitEthernet2/0/4')\n       {\n           var refob = {};\n           refob.from = 1;\n           refob.to = 4;\n           refob.bit_rate = ((parseInt(ob.statusinfos[i].inbytes)/1024) + (parseInt(ob.statusinfos[i].outbytes)/1024)).toFixed(1);\n           refob.conn_error = 0;\n           refob.edge_width = 0.1;\n            array[1] = refob;\n       }\n       if(re == 'GigabitEthernet2/0/5')\n       {\n           var refob = {};\n           refob.from = 1;\n           refob.to = 5;\n           refob.bit_rate = ((parseInt(ob.statusinfos[i].inbytes)/1024) + (parseInt(ob.statusinfos[i].outbytes)/1024)).toFixed(1);\n           refob.conn_error = 0;\n           refob.edge_width = 0.1;\n            array[2] = refob;\n       }\n       if(re == 'GigabitEthernet2/0/9')\n       {\n           upbytes = (parseInt(ob.statusinfos[i].inbytes)/1024);\n           downbytes = (parseInt(ob.statusinfos[i].outbytes)/1024);\n       }\n}\nout.inbytes = inbytes.toFixed(1);\nout.outbytes = outbytes.toFixed(1);\nout.updownbytes = upbytes + downbytes;\nout.inerror = inerror;\nout.outerror = outerror;\nout.timestamp = Date.parse(new Date());\nout.ref = array;\nmsg.payload = out;\nreturn msg;\n}\nif(ob.source == '59.213.208.57')\n{\n    var array = [{},{}];\nvar out = {};\nout.id = \"2\";\nout.data = {};\nout.data.id = 2;\nout.data.name = '59.213.208.57';\nvar inbytes = 0 ;\nvar outbytes = 0;\nvar inerror = 0;\nvar outerror = 0;\nvar upbytes = 0;\nvar downbytes = 0;\n\nfor(var i in ob.statusinfos)\n{\n    inbytes += (parseInt(ob.statusinfos[i].inbytes)/1024);\n    outbytes += (parseInt(ob.statusinfos[i].outbytes)/1024);\n    inerror += parseInt(ob.statusinfos[i].inErrors);\n    outerror += parseInt(ob.statusinfos[i].outErrors);\n    \n    var re = ob.statusinfos[i].name.replace(/\\s+/g,\"\");\n  \n    if(re == 'GigabitEthernet2/0/3')\n       {\n           var refob = {};\n           refob.from = 2;\n           refob.to = 4;\n           refob.bit_rate = ((parseInt(ob.statusinfos[i].inbytes)/1024) + (parseInt(ob.statusinfos[i].outbytes)/1024)).toFixed(1);\n           refob.conn_error = 0;\n           refob.edge_width = 0.1;\n           array[0] = refob;\n       }\n       if(re == 'GigabitEthernet2/0/4')\n       {\n           var refob = {};\n           refob.from = 2;\n           refob.to = 5;\n           refob.bit_rate = ((parseInt(ob.statusinfos[i].inbytes)/1024) + (parseInt(ob.statusinfos[i].outbytes)/1024)).toFixed(1);\n           refob.conn_error = 0;\n           refob.edge_width = 0.1;\n            array[1] = refob;\n       }\n       if(re == 'GigabitEthernet2/0/9')\n       {\n           upbytes = (parseInt(ob.statusinfos[i].inbytes)/1024);\n           downbytes = (parseInt(ob.statusinfos[i].outbytes)/1024);\n       }\n}\nout.inbytes = inbytes.toFixed(1);\nout.outbytes = outbytes.toFixed(1);\nout.updownbytes = upbytes + downbytes;\nout.inerror = inerror;\nout.outerror = outerror;\nout.timestamp = Date.parse(new Date());\nout.ref = array;\nmsg.payload = out;\nreturn msg;\n}\n","outputs":1,"x":475,"y":159,"z":"3e3ef7c5.c1c108","wires":[["48679aa8.b79864"]]},{"id":"5298997f.ad6768","type":"redisSub","name":"snmpstatus_channel","host":"127.0.0.1","port":6379,"user":"","passwd":"","channel":"snmpstatus_channel","x":102,"y":153,"z":"3e3ef7c5.c1c108","wires":[["ad96e840.526918"]]},{"id":"ad96e840.526918","type":"function","name":"JsonToObject","func":"var ob = eval(\"(\" + msg.payload + \")\");\nmsg.payload = ob;\nreturn msg;","outputs":1,"x":316,"y":158,"z":"3e3ef7c5.c1c108","wires":[["cffee883.300118"]]},{"id":"76dd98d6.892268","type":"redisSub","name":"","host":"127.0.0.1","port":6379,"user":"","passwd":"","channel":"snmpstatus_zbj_channel","x":110,"y":330,"z":"3e3ef7c5.c1c108","wires":[["852392c9.7adc7"]]},{"id":"852392c9.7adc7","type":"function","name":"JsonToObject","func":"var ob = eval(\"(\" + msg.payload + \")\");\nmsg.payload = ob;\nreturn msg;","outputs":1,"x":251,"y":419,"z":"3e3ef7c5.c1c108","wires":[["b1961a7b.4e69e8","ee313184.11ced","9149e14.f6eb62","3efe3222.c101ce"]]},{"id":"48679aa8.b79864","type":"function","name":"","func":"var ob = msg.payload;\npayload = {'value':ob};\nmsg.payload = {'MsgID':'lsz_snmpdata_netin','username':'admin','payload':payload}\nmsg.payload = JSON.stringify(msg.payload);\nreturn msg;","outputs":1,"x":513,"y":438,"z":"3e3ef7c5.c1c108","wires":[["252641b5.dad9be"]]},{"id":"252641b5.dad9be","type":"redisPub","name":"snmp_data_netin","host":"127.0.0.1","port":6379,"user":"","passwd":"","channel":"lsz_snmpdata_netin","x":806,"y":308,"z":"3e3ef7c5.c1c108","wires":[]},{"id":"b1961a7b.4e69e8","type":"function","name":"f5","func":"var ob = msg.payload;\nif(ob.source == '59.213.209.1')\n{\n\n   var out = {};\n   out.data = {};\n    \n    \n    out.id = \"3\";\n    out.data.id = 3;\n     \n   out.data.name = ob.source;\nvar inbytes = 0 ;\nvar outbytes = 0;\nvar inerror = 0;\nvar outerror = 0;\n\nfor(var i in ob.statusinfos)\n{\n    inbytes += (parseInt(ob.statusinfos[i].inbytes)/1024);\n    outbytes += (parseInt(ob.statusinfos[i].outbytes)/1024);\n    inerror += parseInt(ob.statusinfos[i].inErrors);\n    outerror += parseInt(ob.statusinfos[i].outErrors);\n}\n\nout.inbytes = inbytes.toFixed(1);\nout.outbytes = outbytes.toFixed(1);\nout.inerror = inerror;\nout.outerror = outerror;\nout.timestamp = Date.parse(new Date());\n   msg.payload = out;\n\n     return msg;\n}","outputs":1,"x":449,"y":297,"z":"3e3ef7c5.c1c108","wires":[["48679aa8.b79864"]]},{"id":"ee313184.11ced","type":"function","name":"FW-OUT-SE1","func":"var ob = msg.payload;\nif(ob.source == '59.213.208.121')\n{\n    var array = [{},{}];\n   var out = {};\n   out.data = {};\n    \n    \n    out.id = \"4\";\n    out.data.id = 4;\n     \n   out.data.name = ob.source;\nvar inbytes = 0 ;\nvar outbytes = 0;\nvar inerror = 0;\nvar outerror = 0;\n\nfor(var i in ob.statusinfos)\n{\n    inbytes += (parseInt(ob.statusinfos[i].inbytes)/1024);\n    outbytes += (parseInt(ob.statusinfos[i].outbytes)/1024);\n    inerror += parseInt(ob.statusinfos[i].inErrors);\n    outerror += parseInt(ob.statusinfos[i].outErrors);\n    \n    var re = ob.statusinfos[i].name.replace(/\\s+/g,\"\");\n    if(re == 'GigabitEthernet0/0/5' || re == 'GigabitEthernet0/0/6')\n    {\n       var refob = {};\n           refob.from = 4;\n           refob.to = 5;\n           refob.bit_rate = ((parseInt(ob.statusinfos[i].inbytes)/1024) + (parseInt(ob.statusinfos[i].outbytes)/1024)).toFixed(1);\n           refob.conn_error = 0;\n           refob.edge_width = 0.1;\n           array[0] = refob;  \n    }\n    if(re == 'GigabitEthernet6/0/0' || re == 'GigabitEthernet6/0/1')\n    {\n         var refob = {};\n           refob.from = 4;\n           refob.to = 6;\n           refob.bit_rate = ((parseInt(ob.statusinfos[i].inbytes)/1024) + (parseInt(ob.statusinfos[i].outbytes)/1024)).toFixed(1);\n           refob.conn_error = 0;\n           refob.edge_width = 0.1;\n           array[1] = refob;\n    }\n    \n}\n\nout.inbytes = inbytes.toFixed(1);\nout.outbytes = outbytes.toFixed(1);\nout.inerror = inerror;\nout.outerror = outerror;\n   out.ref = array;\n   out.timestamp = Date.parse(new Date());\n   msg.payload = out;\n\n     return msg;\n}","outputs":1,"x":486,"y":648,"z":"3e3ef7c5.c1c108","wires":[["48679aa8.b79864"]]},{"id":"9149e14.f6eb62","type":"function","name":"FW-OUT-SE2","func":"var ob = msg.payload;\nif(ob.source == '59.213.208.78')\n{\n   var array = [];\n   var out = {};\n   out.data = {};\n\n   var refob = {};\n\n     out.id = \"5\";\n     out.data.id = 5;\n     refob.from = 5;\n     refob.to = 6;\n\n\n   out.data.name = ob.source;\n   var inbytes = 0 ;\n   var outbytes = 0;\n   var inerror = 0;\n   var outerror = 0;\n\n   \n\n  for(var i in ob.statusinfos)\n  {\n    inbytes += (parseInt(ob.statusinfos[i].inbytes)/1024);\n    outbytes += (parseInt(ob.statusinfos[i].outbytes)/1024);\n    inerror += parseInt(ob.statusinfos[i].inErrors);\n    outerror += parseInt(ob.statusinfos[i].outErrors);\n    \n    var re = ob.statusinfos[i].name.replace(/\\s+/g,\"\");\n    if(re == 'GigabitEthernet6/0/0' || re == 'GigabitEthernet6/0/1')\n    {\n        refob.bit_rate = ((parseInt(ob.statusinfos[i].inbytes)/1024) + (parseInt(ob.statusinfos[i].outbytes)/1024)).toFixed(1);\n    }\n    \n  \n   }\n   \n   refob.conn_error = 0;\n   refob.edge_width = 0.1;\n   array.push(refob);\n   out.ref = array;\n   out.inbytes = inbytes.toFixed(1);\n   out.outbytes = outbytes.toFixed(1);\n   out.inerror = inerror;\n   out.outerror = outerror;\n   out.timestamp = Date.parse(new Date());\n   msg.payload = out;\n   return msg;\n}","outputs":1,"x":485,"y":765,"z":"3e3ef7c5.c1c108","wires":[["48679aa8.b79864"]]},{"id":"3efe3222.c101ce","type":"function","name":"switch","func":"var ob = msg.payload;\nif(ob.source == '10.21.1.1')\n{\nvar out = {};\nout.data = {};\n\n out.id = \"6\";\n out.data.id = 6;\n\nout.data.name = ob.source;\nvar inbytes = 0 ;\nvar outbytes = 0;\nvar inerror = 0;\nvar outerror = 0;\n\nfor(var i in ob.statusinfos)\n{\n    inbytes += (parseInt(ob.statusinfos[i].inbytes)/1024);\n    outbytes += (parseInt(ob.statusinfos[i].outbytes)/1024);\n    inerror += parseInt(ob.statusinfos[i].inErrors);\n    outerror += parseInt(ob.statusinfos[i].outErrors);\n}\nout.inbytes = inbytes.toFixed(1);\nout.outbytes = outbytes.toFixed(1);\nout.inerror = inerror;\nout.outerror = outerror;\nout.timestamp = Date.parse(new Date());\nmsg.payload = out;\n   return msg;\n}","outputs":1,"x":457,"y":906,"z":"3e3ef7c5.c1c108","wires":[["48679aa8.b79864"]]}]