[{"id":"41ea83aa.be157c","type":"function","name":"","func":"var ob = msg.payload;\nvar array = [];\nvar out = {};\nout.id = \"2\";\nout.data = {};\nout.data.id = 2;\nout.data.name = '59.213.208.57';\nvar inbytes = 0 ;\nvar outbytes = 0;\nvar inerror = 0;\nvar outerror = 0;\nvar upbytes = 0;\nvar downbytes = 0;\n\nfor(var i in ob.statusinfos)\n{\n    inbytes += (parseInt(ob.statusinfos[i].inbytes)/1024);\n    outbytes += (parseInt(ob.statusinfos[i].outbytes)/1024);\n    inerror += parseInt(ob.statusinfos[i].inErrors);\n    outerror += parseInt(ob.statusinfos[i].outErrors);\n    \n    var re = ob.statusinfos[i].name.replace(/\\s+/g,\"\");\n    if(re == 'Pos1/0/1')\n       {\n           var refob = {};\n           refob.from = 2;\n           refob.to = 3;\n           refob.bit_rate = ((parseInt(ob.statusinfos[i].inbytes)/1024) + (parseInt(ob.statusinfos[i].outbytes)/1024)).toFixed(1);\n           refob.conn_error = 0;\n           refob.edge_width = 0.1;\n           array.push(refob);\n       }\n       if(re == 'Pos1/0/2')\n       {\n           var refob = {};\n           refob.from = 2;\n           refob.to = 4;\n           refob.bit_rate = ((parseInt(ob.statusinfos[i].inbytes)/1024) + (parseInt(ob.statusinfos[i].outbytes)/1024)).toFixed(1);\n           refob.conn_error = 0;\n           refob.edge_width = 0.1;\n           array.push(refob);\n       }\n       if(re == 'GigabitEthernet2/0/0')\n       {\n           var refob = {};\n           refob.from = 2;\n           refob.to = 5;\n           refob.bit_rate = ((parseInt(ob.statusinfos[i].inbytes)/1024) + (parseInt(ob.statusinfos[i].outbytes)/1024)).toFixed(1);\n           refob.conn_error = 0;\n           refob.edge_width = 0.1;\n           array.push(refob);\n       }\n      if(re == 'GigabitEthernet2/0/9')\n       {\n           upbytes = (parseInt(ob.statusinfos[i].inbytes)/1024);\n           downbytes = (parseInt(ob.statusinfos[i].outbytes)/1024);\n       }\n}\nout.inbytes = inbytes.toFixed(1);\nout.outbytes = outbytes.toFixed(1);\nout.updownbytes = upbytes + downbytes;\nout.inerror = inerror;\nout.outerror = outerror;\nout.timestamp = Date.parse(new Date());\nout.ref = array;\nmsg.payload = out;\nreturn msg;","outputs":1,"x":559,"y":345,"z":"5896b996.a76948","wires":[["25271f8.fdad8e"]]},{"id":"f85d096a.07a2f8","type":"function","name":"","func":"var ob = msg.payload;\nvar array = [];\nvar out = {};\nout.id = \"1\";\nout.data = {};\nout.data.id = 1;\nout.data.name = '59.213.208.53';\nvar inbytes = 0 ;\nvar outbytes = 0;\nvar inerror = 0;\nvar outerror = 0;\nvar upbytes = 0;\nvar downbytes = 0;\n\nfor(var i in ob.statusinfos)\n{\n    inbytes += (parseInt(ob.statusinfos[i].inbytes)/1024);\n    outbytes += (parseInt(ob.statusinfos[i].outbytes)/1024);\n    inerror += parseInt(ob.statusinfos[i].inErrors);\n    outerror += parseInt(ob.statusinfos[i].outErrors);\n    \n    var re = ob.statusinfos[i].name.replace(/\\s+/g,\"\");\n    if(re == 'Pos1/0/0')\n    {\n        var refob = {};\n           refob.from = 1;\n           refob.to = 2;\n           refob.bit_rate = ((parseInt(ob.statusinfos[i].inbytes)/1024) + (parseInt(ob.statusinfos[i].outbytes)/1024)).toFixed(1);\n           refob.conn_error = 0;\n           refob.edge_width = 0.1;\n           array.push(refob);\n    }\n    if(re == 'Pos1/0/1')\n       {\n           var refob = {};\n           refob.from = 1;\n           refob.to = 3;\n           refob.bit_rate = ((parseInt(ob.statusinfos[i].inbytes)/1024) + (parseInt(ob.statusinfos[i].outbytes)/1024)).toFixed(1);\n           refob.conn_error = 0;\n           refob.edge_width = 0.1;\n           array.push(refob);\n       }\n       if(re == 'Pos1/0/2')\n       {\n           var refob = {};\n           refob.from = 1;\n           refob.to = 4;\n           refob.bit_rate = ((parseInt(ob.statusinfos[i].inbytes)/1024) + (parseInt(ob.statusinfos[i].outbytes)/1024)).toFixed(1);\n           refob.conn_error = 0;\n           refob.edge_width = 0.1;\n           array.push(refob);\n       }\n       if(re == 'GigabitEthernet2/0/0')\n       {\n           var refob = {};\n           refob.from = 1;\n           refob.to = 5;\n           refob.bit_rate = ((parseInt(ob.statusinfos[i].inbytes)/1024) + (parseInt(ob.statusinfos[i].outbytes)/1024)).toFixed(1);\n           refob.conn_error = 0;\n           refob.edge_width = 0.1;\n           array.push(refob);\n       }\n      if(re == 'GigabitEthernet2/0/9')\n       {\n           upbytes = (parseInt(ob.statusinfos[i].inbytes)/1024);\n           downbytes = (parseInt(ob.statusinfos[i].outbytes)/1024);\n       }\n}\nout.inbytes = inbytes.toFixed(1);\nout.outbytes = outbytes.toFixed(1);\nout.updownbytes = upbytes + downbytes;\nout.inerror = inerror;\nout.outerror = outerror;\nout.timestamp = Date.parse(new Date());\nout.ref = array;\nmsg.payload = out;\nreturn msg;","outputs":1,"x":563,"y":209,"z":"5896b996.a76948","wires":[["25271f8.fdad8e"]]},{"id":"f89dc6c0.076238","type":"redisPub","name":"snmp_data_zbj","host":"127.0.0.1","port":6379,"user":"","passwd":"","channel":"lsz_snmpdata_zbj","x":805,"y":239,"z":"5896b996.a76948","wires":[]},{"id":"3bc8a0f.fc4376","type":"function","name":"","func":"var ob = msg.payload;\nvar array = [];\nvar out = {};\nout.id = \"4\";\nout.data = {};\nout.data.id = 4;\nout.data.name = '10.21.0.45';\nvar inbytes = 0 ;\nvar outbytes = 0;\nvar inerror = 0;\nvar outerror = 0;\n\nfor(var i in ob.statusinfos)\n{\n    inbytes += (parseInt(ob.statusinfos[i].inbytes)/1024);\n    outbytes += (parseInt(ob.statusinfos[i].outbytes)/1024);\n    inerror += parseInt(ob.statusinfos[i].inErrors);\n    outerror += parseInt(ob.statusinfos[i].outErrors);\n    \n    var re = ob.statusinfos[i].name.replace(/\\s+/g,\"\");\n    if(re == 'GigabitEthernet3/0/1')\n       {\n           var refob = {};\n           refob.from = 4;\n           refob.to = 7;\n           refob.bit_rate = ((parseInt(ob.statusinfos[i].inbytes)/1024) + (parseInt(ob.statusinfos[i].outbytes)/1024)).toFixed(1);\n           refob.conn_error = 0;\n           refob.edge_width = 0.1;\n           array.push(refob);\n       }\n}\nout.inbytes = inbytes.toFixed(1);\nout.outbytes = outbytes.toFixed(1);\nout.inerror = inerror;\nout.outerror = outerror;\nout.timestamp = Date.parse(new Date());\nout.ref = array;\nmsg.payload = out;\nreturn msg;","outputs":1,"x":639,"y":674,"z":"5896b996.a76948","wires":[["25271f8.fdad8e"]]},{"id":"d38e8044.2c718","type":"redisSub","name":"","host":"127.0.0.1","port":6379,"user":"","passwd":"","channel":"snmpstatus_zbj_channel","x":82,"y":424,"z":"5896b996.a76948","wires":[[]]},{"id":"8bd829c5.7427d8","type":"function","name":"JsonToObject","func":"var ob = eval(\"(\" + msg.payload + \")\");\nmsg.payload = ob;\nreturn msg;","outputs":1,"x":240,"y":501,"z":"5896b996.a76948","wires":[["1fd43a28.e02bc6","cad852a2.3527b","e5b416a9.1a4be8"]]},{"id":"1fd43a28.e02bc6","type":"function","name":"","func":"var ob = msg.payload;\nif(ob.source == '10.21.0.73' || ob.source == '10.21.0.58'\n|| ob.source == '10.21.0.46')\n{\nvar out = {};\nout.data = {};\n\nif(ob.source == '10.21.0.73')\n{\n  out.id = \"5\";\n  out.data.id = 5;\n}\nif(ob.source == '10.21.0.58')\n{\n  out.id = \"6\";\n  out.data.id = 6;\n}if(ob.source == '10.21.0.46')\n{\n  out.id = \"7\";\n  out.data.id = 7;\n}\n\nout.data.name = ob.source;\nvar inbytes = 0 ;\nvar outbytes = 0;\nvar inerror = 0;\nvar outerror = 0;\n\nfor(var i in ob.statusinfos)\n{\n    inbytes += (parseInt(ob.statusinfos[i].inbytes)/1024);\n    outbytes += (parseInt(ob.statusinfos[i].outbytes)/1024);\n    inerror += parseInt(ob.statusinfos[i].inErrors);\n    outerror += parseInt(ob.statusinfos[i].outErrors);\n}\nout.inbytes = inbytes.toFixed(1);\nout.outbytes = outbytes.toFixed(1);\nout.inerror = inerror;\nout.outerror = outerror;\nout.timestamp = Date.parse(new Date());\nmsg.payload = out;\n   return msg;\n}","outputs":1,"x":406,"y":422,"z":"5896b996.a76948","wires":[["25271f8.fdad8e"]]},{"id":"25271f8.fdad8e","type":"function","name":"","useRequire":false,"func":"var ob = msg.payload;\npayload = {'value':ob};\nmsg.payload = {'MsgID':'lsz_snmpdata_zbj','username':'admin','payload':payload}\nmsg.payload = JSON.stringify(msg.payload);\nreturn msg;","outputs":1,"x":678,"y":426,"z":"5896b996.a76948","wires":[["f89dc6c0.076238"]]},{"id":"a7f25f86.580da","type":"function","name":"filter_53","func":"var ob = msg.payload;\nif(ob.source == '59.213.208.53')\n    return msg;","outputs":1,"x":406,"y":138,"z":"5896b996.a76948","wires":[["f85d096a.07a2f8"]]},{"id":"c157ce40.3ea83","type":"function","name":"filter_57","func":"var ob = msg.payload;\nif(ob.source == '59.213.208.57')\n    return msg;","outputs":1,"x":434,"y":274,"z":"5896b996.a76948","wires":[["41ea83aa.be157c"]]},{"id":"91cace22.6e353","type":"redisSub","name":"snmpstatus_channel","host":"127.0.0.1","port":6379,"user":"","passwd":"","channel":"snmpstatus_channel","x":136,"y":282,"z":"5896b996.a76948","wires":[[]]},{"id":"7972204a.868de","type":"function","name":"JsonToObject","func":"var ob = eval(\"(\" + msg.payload + \")\");\nmsg.payload = ob;\nreturn msg;","outputs":1,"x":261,"y":212,"z":"5896b996.a76948","wires":[["a7f25f86.580da","c157ce40.3ea83"]]},{"id":"cad852a2.3527b","type":"function","name":"filter_10.21.2.198","func":"var ob = msg.payload;\nif(ob.source == '10.21.2.198')\n    return msg;","outputs":1,"x":444,"y":523,"z":"5896b996.a76948","wires":[["2dc289ee.d23d76"]]},{"id":"e5b416a9.1a4be8","type":"function","name":"filter_10.21.0.45","func":"var ob = msg.payload;\nif(ob.source == '10.21.0.45')\n    return msg;","outputs":1,"x":431,"y":644,"z":"5896b996.a76948","wires":[["3bc8a0f.fc4376"]]},{"id":"2dc289ee.d23d76","type":"function","name":"","func":"var ob = msg.payload;\nvar array = [];\nvar out = {};\nout.id = \"3\";\nout.data = {};\nout.data.id = 3;\nout.data.name = '10.21.2.198';\nvar inbytes = 0 ;\nvar outbytes = 0;\nvar inerror = 0;\nvar outerror = 0;\nvar refob = {};\nrefob.from = 3;\nrefob.to = 6;\nrefob.bit_rate = 0;\n\nfor(var i in ob.statusinfos)\n{\n    inbytes += (parseInt(ob.statusinfos[i].inbytes)/1024);\n    outbytes += (parseInt(ob.statusinfos[i].outbytes)/1024);\n    inerror += parseInt(ob.statusinfos[i].inErrors);\n    outerror += parseInt(ob.statusinfos[i].outErrors);\n    \n    var re = ob.statusinfos[i].name.replace(/\\s+/g,\"\");\n    if(re == 'GigabitEthernet4/0/0' || re == 'GigabitEthernet4/0/1')\n       {\n           \n           refob.bit_rate = ((parseInt(ob.statusinfos[i].inbytes)/1024) + (parseInt(ob.statusinfos[i].outbytes)/1024)).toFixed(1);\n       }\n}\nrefob.conn_error = 0;\nrefob.edge_width = 0.1;\narray.push(refob);\nout.inbytes = inbytes.toFixed(1);\nout.outbytes = outbytes.toFixed(1);\nout.inerror = inerror;\nout.outerror = outerror;\nout.timestamp = Date.parse(new Date());\nout.ref = array;\nmsg.payload = out;\nreturn msg;","outputs":1,"x":573,"y":578,"z":"5896b996.a76948","wires":[["25271f8.fdad8e"]]}]