[{"id":"6224b30.f9ddb4c","type":"redis in","hostname":"127.0.0.1","port":6379,"name":"con_cash_q1","key":"con_cash_q1","structtype":"zset","x":338.8888854980469,"y":87.99999237060547,"z":"7d6c0138.8294","wires":[["29addefa.d65222"]]},{"id":"29addefa.d65222","type":"function","name":"sort","useRequire":false,"func":"var ob = msg.payload\nvar temp = []\n\nfor(var i = 0 ;i < ob.length;i+=2){\n\ttemp.push(ob[i])\n}\nvar sort_ok = temp.sort()\nvar out = []\nfor(var i = 0;i<sort_ok.length; i++){\n\tout.push(temp[i]);\n\tfor(var j=0;j<ob.length;j+=2){\n\t\tif(ob[j] == temp[i]){\n\t\t\tout.push(parseFloat(ob[j+1]).toFixed(2))\n\t\t}\n\t\t}\n}\nmsg.payload = out\nreturn msg","outputs":1,"x":548.1744995117188,"y":85,"z":"7d6c0138.8294","wires":[["38063ef3.c7f9c2"]]},{"id":"38063ef3.c7f9c2","type":"function","name":"con_cash_q1","useRequire":false,"func":"var tmp = []\nvar payload = []\n\nfor(var i=0;i<msg.payload.length;i+=2){\n\t\n \t   \ttmp = msg.payload[i+1]\n    \tvar item = msg.payload[i]\n    \tpayload.push([item,parseFloat(tmp)])\n\n}\n\npayload = {'value':payload}\nmsg.payload = {'MsgID':'adminpush_columncon_cash_q1','username':'admin','payload':payload}\nmsg.payload = JSON.stringify(msg.payload);\nreturn msg;","outputs":1,"x":714.0316772460938,"y":85.28570556640625,"z":"7d6c0138.8294","wires":[["c20bff73.3df4"]]},{"id":"c20bff73.3df4","type":"redisPub","name":"con_cash_q1","host":"127.0.0.1","port":6379,"user":"","passwd":"","channel":"adminpush_columncon_cash_q1","x":945.0316162109375,"y":90.71428680419922,"z":"7d6c0138.8294","wires":[]},{"id":"722399ad.8ddc68","type":"redis in","hostname":"127.0.0.1","port":6379,"name":"con_cash_q2","key":"con_cash_q2","structtype":"zset","x":331.31744384765625,"y":135.8571548461914,"z":"7d6c0138.8294","wires":[["d26ce80e.2d9318"]]},{"id":"d26ce80e.2d9318","type":"function","name":"sort","useRequire":false,"func":"var ob = msg.payload\nvar temp = []\n\nfor(var i = 0 ;i < ob.length;i+=2){\n\ttemp.push(ob[i])\n}\nvar sort_ok = temp.sort()\nvar out = []\nfor(var i = 0;i<sort_ok.length; i++){\n\tout.push(temp[i]);\n\tfor(var j=0;j<ob.length;j+=2){\n\t\tif(ob[j] == temp[i]){\n\t\t\tout.push(parseFloat(ob[j+1]).toFixed(2))\n\t\t}\n\t\t}\n}\nmsg.payload = out\nreturn msg","outputs":1,"x":540.6030578613281,"y":132.85716247558594,"z":"7d6c0138.8294","wires":[["11ce646e.ee319c"]]},{"id":"11ce646e.ee319c","type":"function","name":"con_cash_q2","useRequire":false,"func":"var tmp = []\nvar payload = []\n\nfor(var i=0;i<msg.payload.length;i+=2){\n\t\n \t   \ttmp = msg.payload[i+1]\n    \tvar item = msg.payload[i]\n    \tpayload.push([item,parseFloat(tmp)])\n\n}\n\npayload = {'value':payload}\nmsg.payload = {'MsgID':'adminpush_columncon_cash_q2','username':'admin','payload':payload}\nmsg.payload = JSON.stringify(msg.payload);\nreturn msg;","outputs":1,"x":706.4602355957031,"y":133.1428680419922,"z":"7d6c0138.8294","wires":[["34689405.cb976c"]]},{"id":"34689405.cb976c","type":"redisPub","name":"con_cash_q2","host":"127.0.0.1","port":6379,"user":"","passwd":"","channel":"adminpush_columncon_cash_q2","x":942.4601287841797,"y":136.90478134155273,"z":"7d6c0138.8294","wires":[]},{"id":"f996beb4.06694","type":"redis in","hostname":"127.0.0.1","port":6379,"name":"con_cash_q3","key":"con_cash_q3","structtype":"zset","x":341.31744384765625,"y":186.8571548461914,"z":"7d6c0138.8294","wires":[["50decb53.af2134"]]},{"id":"50decb53.af2134","type":"function","name":"sort","useRequire":false,"func":"var ob = msg.payload\nvar temp = []\n\nfor(var i = 0 ;i < ob.length;i+=2){\n\ttemp.push(ob[i])\n}\nvar sort_ok = temp.sort()\nvar out = []\nfor(var i = 0;i<sort_ok.length; i++){\n\tout.push(temp[i]);\n\tfor(var j=0;j<ob.length;j+=2){\n\t\tif(ob[j] == temp[i]){\n\t\t\tout.push(parseFloat(ob[j+1]).toFixed(2))\n\t\t}\n\t\t}\n}\nmsg.payload = out\nreturn msg","outputs":1,"x":550.6030578613281,"y":183.85716247558594,"z":"7d6c0138.8294","wires":[["b80e809e.47f18"]]},{"id":"b80e809e.47f18","type":"function","name":"con_cash_q3","useRequire":false,"func":"var tmp = []\nvar payload = []\n\nfor(var i=0;i<msg.payload.length;i+=2){\n\t\n \t   \ttmp = msg.payload[i+1]\n    \tvar item = msg.payload[i]\n    \tpayload.push([item,parseFloat(tmp)])\n\n}\n\npayload = {'value':payload}\nmsg.payload = {'MsgID':'adminpush_columncon_cash_q3','username':'admin','payload':payload}\nmsg.payload = JSON.stringify(msg.payload);\nreturn msg;","outputs":1,"x":716.4602355957031,"y":184.1428680419922,"z":"7d6c0138.8294","wires":[["431380.ffbcec8"]]},{"id":"431380.ffbcec8","type":"redisPub","name":"con_cash_q3","host":"127.0.0.1","port":6379,"user":"","passwd":"","channel":"adminpush_columncon_cash_q3","x":947.4601745605469,"y":189.57144927978516,"z":"7d6c0138.8294","wires":[]},{"id":"a16d480e.5e92b8","type":"redis in","hostname":"127.0.0.1","port":6379,"name":"con_cash_q4","key":"con_cash_q4","structtype":"zset","x":333.7460021972656,"y":234.71431732177734,"z":"7d6c0138.8294","wires":[["2ae878be.d51788"]]},{"id":"2ae878be.d51788","type":"function","name":"sort","useRequire":false,"func":"var ob = msg.payload\nvar temp = []\n\nfor(var i = 0 ;i < ob.length;i+=2){\n\ttemp.push(ob[i])\n}\nvar sort_ok = temp.sort()\nvar out = []\nfor(var i = 0;i<sort_ok.length; i++){\n\tout.push(temp[i]);\n\tfor(var j=0;j<ob.length;j+=2){\n\t\tif(ob[j] == temp[i]){\n\t\t\tout.push(parseFloat(ob[j+1]).toFixed(2))\n\t\t}\n\t\t}\n}\nmsg.payload = out\nreturn msg","outputs":1,"x":543.0316162109375,"y":231.71432495117188,"z":"7d6c0138.8294","wires":[["c198e93.f3e6718"]]},{"id":"c198e93.f3e6718","type":"function","name":"con_cash_q4","useRequire":false,"func":"var tmp = []\nvar payload = []\n\nfor(var i=0;i<msg.payload.length;i+=2){\n\t\n \t   \ttmp = msg.payload[i+1]\n    \tvar item = msg.payload[i]\n    \tpayload.push([item,parseFloat(tmp)])\n\n}\n\npayload = {'value':payload}\nmsg.payload = {'MsgID':'adminpush_columncon_cash_q4','username':'admin','payload':payload}\nmsg.payload = JSON.stringify(msg.payload);\nreturn msg;","outputs":1,"x":708.8887939453125,"y":232.00003051757812,"z":"7d6c0138.8294","wires":[["148c6e67.eb7392"]]},{"id":"148c6e67.eb7392","type":"redisPub","name":"con_cash_q4","host":"127.0.0.1","port":6379,"user":"","passwd":"","channel":"adminpush_columncon_cash_q4","x":939.8887329101562,"y":237.4286117553711,"z":"7d6c0138.8294","wires":[]},{"id":"1f7c88ac.e08377","type":"redis in","hostname":"127.0.0.1","port":6379,"name":"con_cash_rq1","key":"con_cash_rq1","structtype":"zset","x":340.8888854980469,"y":321.99999237060547,"z":"7d6c0138.8294","wires":[["74ef0cd3.8b10f4"]]},{"id":"74ef0cd3.8b10f4","type":"function","name":"sort","useRequire":false,"func":"var ob = msg.payload\nvar temp = []\n\nfor(var i = 0 ;i < ob.length;i+=2){\n\ttemp.push(ob[i])\n}\nvar sort_ok = temp.sort()\nvar out = []\nfor(var i = 0;i<sort_ok.length; i++){\n\tout.push(temp[i]);\n\tfor(var j=0;j<ob.length;j+=2){\n\t\tif(ob[j] == temp[i]){\n\t\t\tout.push(parseFloat(ob[j+1]).toFixed(2))\n\t\t}\n\t\t}\n}\nmsg.payload = out\nreturn msg","outputs":1,"x":550.1744995117188,"y":319,"z":"7d6c0138.8294","wires":[["a15b3fa4.5ea4c"]]},{"id":"a15b3fa4.5ea4c","type":"function","name":"con_cash_rq1","useRequire":false,"func":"var tmp = []\nvar payload = []\n\nfor(var i=0;i<msg.payload.length;i+=2){\n\t\n \t   \ttmp = msg.payload[i+1]\n    \tvar item = msg.payload[i]\n    \tpayload.push([item,parseFloat(tmp)])\n\n}\n\npayload = {'value':payload}\nmsg.payload = {'MsgID':'adminpush_linecon_cash_rq1','username':'admin','payload':payload}\nmsg.payload = JSON.stringify(msg.payload);\nreturn msg;","outputs":1,"x":716.0316772460938,"y":319.28570556640625,"z":"7d6c0138.8294","wires":[["57456180.a8baa"]]},{"id":"57456180.a8baa","type":"redisPub","name":"con_cash_rq1","host":"127.0.0.1","port":6379,"user":"","passwd":"","channel":"adminpush_linecon_cash_rq1","x":947.0316162109375,"y":324.7142868041992,"z":"7d6c0138.8294","wires":[]},{"id":"8a0a2166.75f5e","type":"redis in","hostname":"127.0.0.1","port":6379,"name":"con_cash_rq2","key":"con_cash_rq2","structtype":"zset","x":333.31744384765625,"y":369.8571548461914,"z":"7d6c0138.8294","wires":[["244e49d6.dbb1b6"]]},{"id":"244e49d6.dbb1b6","type":"function","name":"sort","useRequire":false,"func":"var ob = msg.payload\nvar temp = []\n\nfor(var i = 0 ;i < ob.length;i+=2){\n\ttemp.push(ob[i])\n}\nvar sort_ok = temp.sort()\nvar out = []\nfor(var i = 0;i<sort_ok.length; i++){\n\tout.push(temp[i]);\n\tfor(var j=0;j<ob.length;j+=2){\n\t\tif(ob[j] == temp[i]){\n\t\t\tout.push(parseFloat(ob[j+1]).toFixed(2))\n\t\t}\n\t\t}\n}\nmsg.payload = out\nreturn msg","outputs":1,"x":542.6030578613281,"y":366.85716247558594,"z":"7d6c0138.8294","wires":[["137ebb9d.ec8144"]]},{"id":"137ebb9d.ec8144","type":"function","name":"con_cash_rq2","useRequire":false,"func":"var tmp = []\nvar payload = []\n\nfor(var i=0;i<msg.payload.length;i+=2){\n\t\n \t   \ttmp = msg.payload[i+1]\n    \tvar item = msg.payload[i]\n    \tpayload.push([item,parseFloat(tmp)])\n\n}\n\npayload = {'value':payload}\nmsg.payload = {'MsgID':'adminpush_linecon_cash_rq2','username':'admin','payload':payload}\nmsg.payload = JSON.stringify(msg.payload);\nreturn msg;","outputs":1,"x":708.4602355957031,"y":367.1428680419922,"z":"7d6c0138.8294","wires":[["de216d0b.21de9"]]},{"id":"de216d0b.21de9","type":"redisPub","name":"con_cash_rq2","host":"127.0.0.1","port":6379,"user":"","passwd":"","channel":"adminpush_linecon_cash_rq2","x":944.4601287841797,"y":370.90478134155273,"z":"7d6c0138.8294","wires":[]},{"id":"7d8a5358.8275ac","type":"redis in","hostname":"127.0.0.1","port":6379,"name":"con_cash_rq3","key":"con_cash_rq3","structtype":"zset","x":343.31744384765625,"y":420.8571548461914,"z":"7d6c0138.8294","wires":[["ea68ec9b.15971"]]},{"id":"ea68ec9b.15971","type":"function","name":"sort","useRequire":false,"func":"var ob = msg.payload\nvar temp = []\n\nfor(var i = 0 ;i < ob.length;i+=2){\n\ttemp.push(ob[i])\n}\nvar sort_ok = temp.sort()\nvar out = []\nfor(var i = 0;i<sort_ok.length; i++){\n\tout.push(temp[i]);\n\tfor(var j=0;j<ob.length;j+=2){\n\t\tif(ob[j] == temp[i]){\n\t\t\tout.push(parseFloat(ob[j+1]).toFixed(2))\n\t\t}\n\t\t}\n}\nmsg.payload = out\nreturn msg","outputs":1,"x":552.6030578613281,"y":417.85716247558594,"z":"7d6c0138.8294","wires":[["4b396a96.b4c694"]]},{"id":"4b396a96.b4c694","type":"function","name":"con_cash_rq3","useRequire":false,"func":"var tmp = []\nvar payload = []\n\nfor(var i=0;i<msg.payload.length;i+=2){\n\t\n \t   \ttmp = msg.payload[i+1]\n    \tvar item = msg.payload[i]\n    \tpayload.push([item,parseFloat(tmp)])\n\n}\n\npayload = {'value':payload}\nmsg.payload = {'MsgID':'adminpush_linecon_cash_rq3','username':'admin','payload':payload}\nmsg.payload = JSON.stringify(msg.payload);\nreturn msg;","outputs":1,"x":718.4602355957031,"y":418.1428680419922,"z":"7d6c0138.8294","wires":[["28fb9cfe.d70464"]]},{"id":"28fb9cfe.d70464","type":"redisPub","name":"con_cash_rq3","host":"127.0.0.1","port":6379,"user":"","passwd":"","channel":"adminpush_linecon_cash_rq3","x":949.4601745605469,"y":423.57144927978516,"z":"7d6c0138.8294","wires":[]},{"id":"528c804e.ad738","type":"redis in","hostname":"127.0.0.1","port":6379,"name":"con_cash_rq4","key":"con_cash_rq4","structtype":"zset","x":335.7460021972656,"y":468.71431732177734,"z":"7d6c0138.8294","wires":[["cb6ed88d.349128"]]},{"id":"cb6ed88d.349128","type":"function","name":"sort","useRequire":false,"func":"var ob = msg.payload\nvar temp = []\n\nfor(var i = 0 ;i < ob.length;i+=2){\n\ttemp.push(ob[i])\n}\nvar sort_ok = temp.sort()\nvar out = []\nfor(var i = 0;i<sort_ok.length; i++){\n\tout.push(temp[i]);\n\tfor(var j=0;j<ob.length;j+=2){\n\t\tif(ob[j] == temp[i]){\n\t\t\tout.push(parseFloat(ob[j+1]).toFixed(2))\n\t\t}\n\t\t}\n}\nmsg.payload = out\nreturn msg","outputs":1,"x":545.0316162109375,"y":465.7143249511719,"z":"7d6c0138.8294","wires":[["93f96a35.6c0698"]]},{"id":"93f96a35.6c0698","type":"function","name":"con_cash_rq4","useRequire":false,"func":"var tmp = []\nvar payload = []\n\nfor(var i=0;i<msg.payload.length;i+=2){\n\t\n \t   \ttmp = msg.payload[i+1]\n    \tvar item = msg.payload[i]\n    \tpayload.push([item,parseFloat(tmp)])\n\n}\n\npayload = {'value':payload}\nmsg.payload = {'MsgID':'adminpush_linecon_cash_rq4','username':'admin','payload':payload}\nmsg.payload = JSON.stringify(msg.payload);\nreturn msg;","outputs":1,"x":710.8887939453125,"y":466.0000305175781,"z":"7d6c0138.8294","wires":[["e2f5d9e5.1d0a28"]]},{"id":"e2f5d9e5.1d0a28","type":"redisPub","name":"con_cash_rq4","host":"127.0.0.1","port":6379,"user":"","passwd":"","channel":"adminpush_linecon_cash_rq4","x":941.8887329101562,"y":471.4286117553711,"z":"7d6c0138.8294","wires":[]},{"id":"abfb6ad6.540498","type":"inject","name":"","topic":"","payload":"","payloadType":"date","repeat":"1","crontab":"","once":false,"x":127.88888549804688,"y":301,"z":"7d6c0138.8294","wires":[["6224b30.f9ddb4c","722399ad.8ddc68","f996beb4.06694","a16d480e.5e92b8","1f7c88ac.e08377","8a0a2166.75f5e","7d8a5358.8275ac","528c804e.ad738"]]}]