[{"id":"d2987804.2d6788","type":"inject","name":"","topic":"","payload":"","payloadType":"date","repeat":"1","crontab":"","once":false,"x":478.6904640197754,"y":873.8451910018921,"z":"9042f03f.6fbd1","wires":[["181cf364.e7e30d","633a0e90.9cc5f","df9562fc.206aa","60067c17.9ff984","d5282b4d.2ad7d8","c794b7cf.386b48","8f93ccff.706c3","1119c376.eee63d","b8509f2e.47af6","935a3552.6ca5c8","cd0868c.f32f798","2eb8bed9.d14742","1b958f24.e46a71","63b79aa1.9c4864","f909238.f06f6e","1763a287.e89c5d","1bbc17ba.e443e8","df20b0c3.20df5","48253733.b7dac8","1eb95488.e146ab"]]},{"id":"181cf364.e7e30d","type":"redis in","hostname":"127.0.0.1","port":6379,"name":"fix_q1_v","key":"fix_q1_v","structtype":"zset","x":844.4047546386719,"y":292.9999752044678,"z":"9042f03f.6fbd1","wires":[["3df857b7.c207a8"]]},{"id":"3df857b7.c207a8","type":"function","name":"sort","useRequire":false,"func":"var ob = msg.payload\nvar temp = []\n\nfor(var i = 0 ;i < ob.length;i+=2){\n\ttemp.push(ob[i])\n}\nvar sort_ok = temp.sort()\nvar out = []\nfor(var i = 0;i<sort_ok.length; i++){\n\tout.push(temp[i]);\n\tfor(var j=0;j<ob.length;j+=2){\n\t\tif(ob[j] == temp[i]){\n\t\t\tout.push(parseFloat(ob[j+1]).toFixed(2))\n\t\t}\n\t\t}\n}\nmsg.payload = out\nreturn msg","outputs":1,"x":1053.6903686523438,"y":289.9999828338623,"z":"9042f03f.6fbd1","wires":[["7732735b.88cd8c"]]},{"id":"7732735b.88cd8c","type":"function","name":"fix_q1_v","useRequire":false,"func":"var tmp = []\nvar payload = []\n\nfor(var i=0;i<msg.payload.length;i+=2){\n\t\n \t   \ttmp = msg.payload[i+1]\n    \tvar item = msg.payload[i]\n    \tpayload.push([item,parseFloat(tmp)])\n\n}\n\npayload = {'value':payload}\nmsg.payload = {'MsgID':'adminpush_columnfix_q1_v','username':'admin','payload':payload}\nmsg.payload = JSON.stringify(msg.payload);\nreturn msg;","outputs":1,"x":1219.5475463867188,"y":290.28568840026855,"z":"9042f03f.6fbd1","wires":[["f488b1ce.0b775"]]},{"id":"f488b1ce.0b775","type":"redisPub","name":"fix_q1_v","host":"127.0.0.1","port":6379,"user":"","passwd":"","channel":"adminpush_columnfix_q1_v","x":1450.5474853515625,"y":295.7142696380615,"z":"9042f03f.6fbd1","wires":[]},{"id":"633a0e90.9cc5f","type":"redis in","hostname":"127.0.0.1","port":6379,"name":"fix_q2_v","key":"fix_q2_v","structtype":"zset","x":836.8333129882812,"y":340.8571376800537,"z":"9042f03f.6fbd1","wires":[["c2325d5d.3dcda"]]},{"id":"c2325d5d.3dcda","type":"function","name":"sort","useRequire":false,"func":"var ob = msg.payload\nvar temp = []\n\nfor(var i = 0 ;i < ob.length;i+=2){\n\ttemp.push(ob[i])\n}\nvar sort_ok = temp.sort()\nvar out = []\nfor(var i = 0;i<sort_ok.length; i++){\n\tout.push(temp[i]);\n\tfor(var j=0;j<ob.length;j+=2){\n\t\tif(ob[j] == temp[i]){\n\t\t\tout.push(parseFloat(ob[j+1]).toFixed(2))\n\t\t}\n\t\t}\n}\nmsg.payload = out\nreturn msg","outputs":1,"x":1046.1189270019531,"y":337.85714530944824,"z":"9042f03f.6fbd1","wires":[["38c8a35c.c7375c"]]},{"id":"38c8a35c.c7375c","type":"function","name":"fix_q2_v","useRequire":false,"func":"var tmp = []\nvar payload = []\n\nfor(var i=0;i<msg.payload.length;i+=2){\n\t\n \t   \ttmp = msg.payload[i+1]\n    \tvar item = msg.payload[i]\n    \tpayload.push([item,parseFloat(tmp)])\n\n}\n\npayload = {'value':payload}\nmsg.payload = {'MsgID':'adminpush_columnfix_q2_v','username':'admin','payload':payload}\nmsg.payload = JSON.stringify(msg.payload);\nreturn msg;","outputs":1,"x":1211.9761047363281,"y":338.1428508758545,"z":"9042f03f.6fbd1","wires":[["4b5df566.b4a20c"]]},{"id":"4b5df566.b4a20c","type":"redisPub","name":"fix_q2_v","host":"127.0.0.1","port":6379,"user":"","passwd":"","channel":"adminpush_columnfix_q2_v","x":1442.9760437011719,"y":343.57143211364746,"z":"9042f03f.6fbd1","wires":[]},{"id":"df9562fc.206aa","type":"redis in","hostname":"127.0.0.1","port":6379,"name":"fix_q3_v","key":"fix_q3_v","structtype":"zset","x":846.8333129882812,"y":391.8571376800537,"z":"9042f03f.6fbd1","wires":[["e4c1e3ca.1b3e2"]]},{"id":"e4c1e3ca.1b3e2","type":"function","name":"sort","useRequire":false,"func":"var ob = msg.payload\nvar temp = []\n\nfor(var i = 0 ;i < ob.length;i+=2){\n\ttemp.push(ob[i])\n}\nvar sort_ok = temp.sort()\nvar out = []\nfor(var i = 0;i<sort_ok.length; i++){\n\tout.push(temp[i]);\n\tfor(var j=0;j<ob.length;j+=2){\n\t\tif(ob[j] == temp[i]){\n\t\t\tout.push(parseFloat(ob[j+1]).toFixed(2))\n\t\t}\n\t\t}\n}\nmsg.payload = out\nreturn msg","outputs":1,"x":1056.1189270019531,"y":388.85714530944824,"z":"9042f03f.6fbd1","wires":[["4e7045b0.b18fbc"]]},{"id":"4e7045b0.b18fbc","type":"function","name":"fix_q3_v","useRequire":false,"func":"var tmp = []\nvar payload = []\n\nfor(var i=0;i<msg.payload.length;i+=2){\n\t\n \t   \ttmp = msg.payload[i+1]\n    \tvar item = msg.payload[i]\n    \tpayload.push([item,parseFloat(tmp)])\n\n}\n\npayload = {'value':payload}\nmsg.payload = {'MsgID':'adminpush_columnfix_q3_v','username':'admin','payload':payload}\nmsg.payload = JSON.stringify(msg.payload);\nreturn msg;","outputs":1,"x":1221.9761047363281,"y":389.1428508758545,"z":"9042f03f.6fbd1","wires":[["930f15af.6cf0e8"]]},{"id":"930f15af.6cf0e8","type":"redisPub","name":"fix_q3_v","host":"127.0.0.1","port":6379,"user":"","passwd":"","channel":"adminpush_columnfix_q3_v","x":1452.9760437011719,"y":394.57143211364746,"z":"9042f03f.6fbd1","wires":[]},{"id":"60067c17.9ff984","type":"redis in","hostname":"127.0.0.1","port":6379,"name":"fix_q4_v","key":"fix_q4_v","structtype":"zset","x":839.2618713378906,"y":439.71430015563965,"z":"9042f03f.6fbd1","wires":[["f09e1aa.f0f61e8"]]},{"id":"f09e1aa.f0f61e8","type":"function","name":"sort","useRequire":false,"func":"var ob = msg.payload\nvar temp = []\n\nfor(var i = 0 ;i < ob.length;i+=2){\n\ttemp.push(ob[i])\n}\nvar sort_ok = temp.sort()\nvar out = []\nfor(var i = 0;i<sort_ok.length; i++){\n\tout.push(temp[i]);\n\tfor(var j=0;j<ob.length;j+=2){\n\t\tif(ob[j] == temp[i]){\n\t\t\tout.push(parseFloat(ob[j+1]).toFixed(2))\n\t\t}\n\t\t}\n}\nmsg.payload = out\nreturn msg","outputs":1,"x":1048.5474853515625,"y":436.7143077850342,"z":"9042f03f.6fbd1","wires":[["64974b9.f9b68b4"]]},{"id":"64974b9.f9b68b4","type":"function","name":"fix_q4_v","useRequire":false,"func":"var tmp = []\nvar payload = []\n\nfor(var i=0;i<msg.payload.length;i+=2){\n\t\n \t   \ttmp = msg.payload[i+1]\n    \tvar item = msg.payload[i]\n    \tpayload.push([item,parseFloat(tmp)])\n\n}\n\npayload = {'value':payload}\nmsg.payload = {'MsgID':'adminpush_columnfix_q4_v','username':'admin','payload':payload}\nmsg.payload = JSON.stringify(msg.payload);\nreturn msg;","outputs":1,"x":1214.4046630859375,"y":437.00001335144043,"z":"9042f03f.6fbd1","wires":[["ad816f2d.527e9"]]},{"id":"ad816f2d.527e9","type":"redisPub","name":"fix_q4_v","host":"127.0.0.1","port":6379,"user":"","passwd":"","channel":"adminpush_columnfix_q4_v","x":1445.4046020507812,"y":442.4285945892334,"z":"9042f03f.6fbd1","wires":[]},{"id":"d5282b4d.2ad7d8","type":"redis in","hostname":"127.0.0.1","port":6379,"name":"fix_q1_r","key":"fix_q1_r","structtype":"zset","x":842.8333129882812,"y":531.6666316986084,"z":"9042f03f.6fbd1","wires":[["b6eb514c.4914b"]]},{"id":"b6eb514c.4914b","type":"function","name":"sort","useRequire":false,"func":"var ob = msg.payload\nvar temp = []\n\nfor(var i = 0 ;i < ob.length;i+=2){\n\ttemp.push(ob[i])\n}\nvar sort_ok = temp.sort()\nvar out = []\nfor(var i = 0;i<sort_ok.length; i++){\n\tout.push(temp[i]);\n\tfor(var j=0;j<ob.length;j+=2){\n\t\tif(ob[j] == temp[i]){\n\t\t\tout.push(parseFloat(ob[j+1]).toFixed(2))\n\t\t}\n\t\t}\n}\nmsg.payload = out\nreturn msg","outputs":1,"x":1052.1189270019531,"y":528.6666393280029,"z":"9042f03f.6fbd1","wires":[["159e3099.ea61cf"]]},{"id":"159e3099.ea61cf","type":"function","name":"fix_q1_r","useRequire":false,"func":"var tmp = []\nvar payload = []\n\nfor(var i=0;i<msg.payload.length;i+=2){\n\t\n \t   \ttmp = msg.payload[i+1]\n    \tvar item = msg.payload[i]\n    \tpayload.push([item,parseFloat(tmp)])\n\n}\n\npayload = {'value':payload}\nmsg.payload = {'MsgID':'adminpush_linefix_q1_v','username':'admin','payload':payload}\nmsg.payload = JSON.stringify(msg.payload);\nreturn msg;","outputs":1,"x":1217.9761047363281,"y":528.9523448944092,"z":"9042f03f.6fbd1","wires":[["b0372c9d.4fc8d"]]},{"id":"b0372c9d.4fc8d","type":"redisPub","name":"fix_q1_r","host":"127.0.0.1","port":6379,"user":"","passwd":"","channel":"adminpush_linefix_q1_r","x":1448.9760437011719,"y":534.3809261322021,"z":"9042f03f.6fbd1","wires":[]},{"id":"c794b7cf.386b48","type":"redis in","hostname":"127.0.0.1","port":6379,"name":"fix_q2_r","key":"fix_q2_r","structtype":"zset","x":854.8333129882812,"y":575.6666316986084,"z":"9042f03f.6fbd1","wires":[["6a12ed11.95ed14"]]},{"id":"6a12ed11.95ed14","type":"function","name":"sort","useRequire":false,"func":"var ob = msg.payload\nvar temp = []\n\nfor(var i = 0 ;i < ob.length;i+=2){\n\ttemp.push(ob[i])\n}\nvar sort_ok = temp.sort()\nvar out = []\nfor(var i = 0;i<sort_ok.length; i++){\n\tout.push(temp[i]);\n\tfor(var j=0;j<ob.length;j+=2){\n\t\tif(ob[j] == temp[i]){\n\t\t\tout.push(parseFloat(ob[j+1]).toFixed(2))\n\t\t}\n\t\t}\n}\nmsg.payload = out\nreturn msg","outputs":1,"x":1064.1189270019531,"y":572.6666393280029,"z":"9042f03f.6fbd1","wires":[["b6a433a8.495bd"]]},{"id":"b6a433a8.495bd","type":"function","name":"fix_q2_r","useRequire":false,"func":"var tmp = []\nvar payload = []\n\nfor(var i=0;i<msg.payload.length;i+=2){\n\t\n \t   \ttmp = msg.payload[i+1]\n    \tvar item = msg.payload[i]\n    \tpayload.push([item,parseFloat(tmp)])\n\n}\n\npayload = {'value':payload}\nmsg.payload = {'MsgID':'adminpush_linefix_q2_v','username':'admin','payload':payload}\nmsg.payload = JSON.stringify(msg.payload);\nreturn msg;","outputs":1,"x":1229.9761047363281,"y":572.9523448944092,"z":"9042f03f.6fbd1","wires":[["6fa635a3.9059cc"]]},{"id":"6fa635a3.9059cc","type":"redisPub","name":"fix_q2_r","host":"127.0.0.1","port":6379,"user":"","passwd":"","channel":"adminpush_linefix_q2_r","x":1460.9760437011719,"y":578.3809261322021,"z":"9042f03f.6fbd1","wires":[]},{"id":"8f93ccff.706c3","type":"redis in","hostname":"127.0.0.1","port":6379,"name":"fix_q3_r","key":"fix_q3_r","structtype":"zset","x":839.8333129882812,"y":626.6666316986084,"z":"9042f03f.6fbd1","wires":[["1e1a2d8.fe1e5d2"]]},{"id":"1e1a2d8.fe1e5d2","type":"function","name":"sort","useRequire":false,"func":"var ob = msg.payload\nvar temp = []\n\nfor(var i = 0 ;i < ob.length;i+=2){\n\ttemp.push(ob[i])\n}\nvar sort_ok = temp.sort()\nvar out = []\nfor(var i = 0;i<sort_ok.length; i++){\n\tout.push(temp[i]);\n\tfor(var j=0;j<ob.length;j+=2){\n\t\tif(ob[j] == temp[i]){\n\t\t\tout.push(parseFloat(ob[j+1]).toFixed(2))\n\t\t}\n\t\t}\n}\nmsg.payload = out\nreturn msg","outputs":1,"x":1049.1189270019531,"y":623.6666393280029,"z":"9042f03f.6fbd1","wires":[["7c2ebe3b.83d14"]]},{"id":"7c2ebe3b.83d14","type":"function","name":"fix_q3_r","useRequire":false,"func":"var tmp = []\nvar payload = []\n\nfor(var i=0;i<msg.payload.length;i+=2){\n\t\n \t   \ttmp = msg.payload[i+1]\n    \tvar item = msg.payload[i]\n    \tpayload.push([item,parseFloat(tmp)])\n\n}\n\npayload = {'value':payload}\nmsg.payload = {'MsgID':'adminpush_linefix_q3_v','username':'admin','payload':payload}\nmsg.payload = JSON.stringify(msg.payload);\nreturn msg;","outputs":1,"x":1214.9761047363281,"y":623.9523448944092,"z":"9042f03f.6fbd1","wires":[["f048920f.0fb77"]]},{"id":"f048920f.0fb77","type":"redisPub","name":"fix_q3_r","host":"127.0.0.1","port":6379,"user":"","passwd":"","channel":"adminpush_linefix_q3_r","x":1445.9760437011719,"y":629.3809261322021,"z":"9042f03f.6fbd1","wires":[]},{"id":"1119c376.eee63d","type":"redis in","hostname":"127.0.0.1","port":6379,"name":"fix_q4_r","key":"fix_q4_r","structtype":"zset","x":851.8333129882812,"y":670.6666316986084,"z":"9042f03f.6fbd1","wires":[["70d9ddca.8f2624"]]},{"id":"70d9ddca.8f2624","type":"function","name":"sort","useRequire":false,"func":"var ob = msg.payload\nvar temp = []\n\nfor(var i = 0 ;i < ob.length;i+=2){\n\ttemp.push(ob[i])\n}\nvar sort_ok = temp.sort()\nvar out = []\nfor(var i = 0;i<sort_ok.length; i++){\n\tout.push(temp[i]);\n\tfor(var j=0;j<ob.length;j+=2){\n\t\tif(ob[j] == temp[i]){\n\t\t\tout.push(parseFloat(ob[j+1]).toFixed(2))\n\t\t}\n\t\t}\n}\nmsg.payload = out\nreturn msg","outputs":1,"x":1061.1189270019531,"y":667.6666393280029,"z":"9042f03f.6fbd1","wires":[["d7f2061c.280df8"]]},{"id":"d7f2061c.280df8","type":"function","name":"fix_q4_r","useRequire":false,"func":"var tmp = []\nvar payload = []\n\nfor(var i=0;i<msg.payload.length;i+=2){\n\t\n \t   \ttmp = msg.payload[i+1]\n    \tvar item = msg.payload[i]\n    \tpayload.push([item,parseFloat(tmp)])\n\n}\n\npayload = {'value':payload}\nmsg.payload = {'MsgID':'adminpush_linefix_q4_v','username':'admin','payload':payload}\nmsg.payload = JSON.stringify(msg.payload);\nreturn msg;","outputs":1,"x":1226.9761047363281,"y":667.9523448944092,"z":"9042f03f.6fbd1","wires":[["1507be99.eaf841"]]},{"id":"1507be99.eaf841","type":"redisPub","name":"fix_q4_r","host":"127.0.0.1","port":6379,"user":"","passwd":"","channel":"adminpush_linefix_q4_r","x":1457.9760437011719,"y":673.3809261322021,"z":"9042f03f.6fbd1","wires":[]},{"id":"b8509f2e.47af6","type":"redis in","hostname":"127.0.0.1","port":6379,"name":"fix_m14_v","key":"fix_m14_v","structtype":"zset","x":814.8333129882812,"y":797.666669845581,"z":"9042f03f.6fbd1","wires":[["14642d73.eb9bd3"]]},{"id":"14642d73.eb9bd3","type":"function","name":"sort","useRequire":false,"func":"var ob = msg.payload\nvar temp = []\n\nfor(var i = 0 ;i < ob.length;i+=2){\n\ttemp.push(ob[i])\n}\nvar sort_ok = temp.sort()\nvar out = []\nfor(var i = 0;i<sort_ok.length; i++){\n\tout.push(temp[i]);\n\tfor(var j=0;j<ob.length;j+=2){\n\t\tif(ob[j] == temp[i]){\n\t\t\tout.push(parseFloat(ob[j+1]).toFixed(2))\n\t\t}\n\t\t}\n}\nmsg.payload = out\nreturn msg","outputs":1,"x":1024.1189270019531,"y":794.6666774749756,"z":"9042f03f.6fbd1","wires":[["4dadadf6.b25254"]]},{"id":"4dadadf6.b25254","type":"function","name":"fix_m14_v","useRequire":false,"func":"var tmp = []\nvar payload = []\n\nfor(var i=0;i<msg.payload.length;i+=2){\n\t\n \t   \ttmp = msg.payload[i+1]\n    \tvar item = msg.payload[i]\n    \tpayload.push([item,parseFloat(tmp)])\n\n}\n\npayload = {'value':payload}\nmsg.payload = {'MsgID':'adminpush_columnfix_m14_v','username':'admin','payload':payload}\nmsg.payload = JSON.stringify(msg.payload);\nreturn msg;","outputs":1,"x":1189.9761047363281,"y":794.9523830413818,"z":"9042f03f.6fbd1","wires":[["b3f2d389.4c0d3"]]},{"id":"b3f2d389.4c0d3","type":"redisPub","name":"fix_m14_v","host":"127.0.0.1","port":6379,"user":"","passwd":"","channel":"adminpush_columnfix_m14_v","x":1420.9760437011719,"y":800.3809642791748,"z":"9042f03f.6fbd1","wires":[]},{"id":"935a3552.6ca5c8","type":"redis in","hostname":"127.0.0.1","port":6379,"name":"fix_m15_v","key":"fix_m15_v","structtype":"zset","x":815.8333129882812,"y":848.666669845581,"z":"9042f03f.6fbd1","wires":[["1e2d75f6.e1d28a"]]},{"id":"1e2d75f6.e1d28a","type":"function","name":"sort","useRequire":false,"func":"var ob = msg.payload\nvar temp = []\n\nfor(var i = 0 ;i < ob.length;i+=2){\n\ttemp.push(ob[i])\n}\nvar sort_ok = temp.sort()\nvar out = []\nfor(var i = 0;i<sort_ok.length; i++){\n\tout.push(temp[i]);\n\tfor(var j=0;j<ob.length;j+=2){\n\t\tif(ob[j] == temp[i]){\n\t\t\tout.push(parseFloat(ob[j+1]).toFixed(2))\n\t\t}\n\t\t}\n}\nmsg.payload = out\nreturn msg","outputs":1,"x":1025.1189270019531,"y":845.6666774749756,"z":"9042f03f.6fbd1","wires":[["6de0dffa.921f2"]]},{"id":"6de0dffa.921f2","type":"function","name":"fix_m15_v","useRequire":false,"func":"var tmp = []\nvar payload = []\n\nfor(var i=0;i<msg.payload.length;i+=2){\n\t\n \t   \ttmp = msg.payload[i+1]\n    \tvar item = msg.payload[i]\n    \tpayload.push([item,parseFloat(tmp)])\n\n}\n\npayload = {'value':payload}\nmsg.payload = {'MsgID':'adminpush_columnfix_m15_v','username':'admin','payload':payload}\nmsg.payload = JSON.stringify(msg.payload);\nreturn msg;","outputs":1,"x":1190.9761047363281,"y":845.9523830413818,"z":"9042f03f.6fbd1","wires":[["7e8dc014.81724"]]},{"id":"7e8dc014.81724","type":"redisPub","name":"fix_m15_v","host":"127.0.0.1","port":6379,"user":"","passwd":"","channel":"adminpush_columnfix_m15_v","x":1421.9760437011719,"y":851.3809642791748,"z":"9042f03f.6fbd1","wires":[]},{"id":"cd0868c.f32f798","type":"redis in","hostname":"127.0.0.1","port":6379,"name":"fix_m17_v","key":"fix_m17_v","structtype":"zset","x":810.8333129882812,"y":896.6667003631592,"z":"9042f03f.6fbd1","wires":[["84315bc6.7bcea8"]]},{"id":"84315bc6.7bcea8","type":"function","name":"sort","useRequire":false,"func":"var ob = msg.payload\nvar temp = []\n\nfor(var i = 0 ;i < ob.length;i+=2){\n\ttemp.push(ob[i])\n}\nvar sort_ok = temp.sort()\nvar out = []\nfor(var i = 0;i<sort_ok.length; i++){\n\tout.push(temp[i]);\n\tfor(var j=0;j<ob.length;j+=2){\n\t\tif(ob[j] == temp[i]){\n\t\t\tout.push(parseFloat(ob[j+1]).toFixed(2))\n\t\t}\n\t\t}\n}\nmsg.payload = out\nreturn msg","outputs":1,"x":1020.1189270019531,"y":893.6667079925537,"z":"9042f03f.6fbd1","wires":[["3694501c.c96bb"]]},{"id":"3694501c.c96bb","type":"function","name":"fix_m17_v","useRequire":false,"func":"var tmp = []\nvar payload = []\n\nfor(var i=0;i<msg.payload.length;i+=2){\n\t\n \t   \ttmp = msg.payload[i+1]\n    \tvar item = msg.payload[i]\n    \tpayload.push([item,parseFloat(tmp)])\n\n}\n\npayload = {'value':payload}\nmsg.payload = {'MsgID':'adminpush_columnfix_m17_v','username':'admin','payload':payload}\nmsg.payload = JSON.stringify(msg.payload);\nreturn msg;","outputs":1,"x":1185.9761047363281,"y":893.95241355896,"z":"9042f03f.6fbd1","wires":[["ff6cf41.f009308"]]},{"id":"ff6cf41.f009308","type":"redisPub","name":"fix_m17_v","host":"127.0.0.1","port":6379,"user":"","passwd":"","channel":"adminpush_columnfix_m17_v","x":1416.9760437011719,"y":899.3809947967529,"z":"9042f03f.6fbd1","wires":[]},{"id":"2eb8bed9.d14742","type":"redis in","hostname":"127.0.0.1","port":6379,"name":"fix_m18_v","key":"fix_m18_v","structtype":"zset","x":811.8333129882812,"y":947.666669845581,"z":"9042f03f.6fbd1","wires":[["6774cbea.988b34"]]},{"id":"6774cbea.988b34","type":"function","name":"sort","useRequire":false,"func":"var ob = msg.payload\nvar temp = []\n\nfor(var i = 0 ;i < ob.length;i+=2){\n\ttemp.push(ob[i])\n}\nvar sort_ok = temp.sort()\nvar out = []\nfor(var i = 0;i<sort_ok.length; i++){\n\tout.push(temp[i]);\n\tfor(var j=0;j<ob.length;j+=2){\n\t\tif(ob[j] == temp[i]){\n\t\t\tout.push(parseFloat(ob[j+1]).toFixed(2))\n\t\t}\n\t\t}\n}\nmsg.payload = out\nreturn msg","outputs":1,"x":1021.1189270019531,"y":944.6666774749756,"z":"9042f03f.6fbd1","wires":[["38b2aea2.c74d52"]]},{"id":"38b2aea2.c74d52","type":"function","name":"fix_m18_v","useRequire":false,"func":"var tmp = []\nvar payload = []\n\nfor(var i=0;i<msg.payload.length;i+=2){\n\t\n \t   \ttmp = msg.payload[i+1]\n    \tvar item = msg.payload[i]\n    \tpayload.push([item,parseFloat(tmp)])\n\n}\n\npayload = {'value':payload}\nmsg.payload = {'MsgID':'adminpush_columnfix_m18_v','username':'admin','payload':payload}\nmsg.payload = JSON.stringify(msg.payload);\nreturn msg;","outputs":1,"x":1186.9761047363281,"y":944.9523830413818,"z":"9042f03f.6fbd1","wires":[["24f23379.db0dcc"]]},{"id":"24f23379.db0dcc","type":"redisPub","name":"fix_m18_v","host":"127.0.0.1","port":6379,"user":"","passwd":"","channel":"adminpush_columnfix_m18_v","x":1417.9760437011719,"y":950.3809642791748,"z":"9042f03f.6fbd1","wires":[]},{"id":"1b958f24.e46a71","type":"redis in","hostname":"127.0.0.1","port":6379,"name":"fix_m110_v","key":"fix_m110_v","structtype":"zset","x":806.8333129882812,"y":995.6667003631592,"z":"9042f03f.6fbd1","wires":[["a23012cd.5dcff"]]},{"id":"a23012cd.5dcff","type":"function","name":"sort","useRequire":false,"func":"var ob = msg.payload\nvar temp = []\n\nfor(var i = 0 ;i < ob.length;i+=2){\n\ttemp.push(ob[i])\n}\nvar sort_ok = temp.sort()\nvar out = []\nfor(var i = 0;i<sort_ok.length; i++){\n\tout.push(temp[i]);\n\tfor(var j=0;j<ob.length;j+=2){\n\t\tif(ob[j] == temp[i]){\n\t\t\tout.push(parseFloat(ob[j+1]).toFixed(2))\n\t\t}\n\t\t}\n}\nmsg.payload = out\nreturn msg","outputs":1,"x":1016.1189270019531,"y":992.6667079925537,"z":"9042f03f.6fbd1","wires":[["d83656d4.27c9a8"]]},{"id":"d83656d4.27c9a8","type":"function","name":"fix_m110_v","useRequire":false,"func":"var tmp = []\nvar payload = []\n\nfor(var i=0;i<msg.payload.length;i+=2){\n\t\n \t   \ttmp = msg.payload[i+1]\n    \tvar item = msg.payload[i]\n    \tpayload.push([item,parseFloat(tmp)])\n\n}\n\npayload = {'value':payload}\nmsg.payload = {'MsgID':'adminpush_columnfix_m110_v','username':'admin','payload':payload}\nmsg.payload = JSON.stringify(msg.payload);\nreturn msg;","outputs":1,"x":1181.9761047363281,"y":992.95241355896,"z":"9042f03f.6fbd1","wires":[["d7d2e78f.282d18"]]},{"id":"d7d2e78f.282d18","type":"redisPub","name":"fix_m110_v","host":"127.0.0.1","port":6379,"user":"","passwd":"","channel":"adminpush_columnfix_m110_v","x":1412.9760437011719,"y":998.3809947967529,"z":"9042f03f.6fbd1","wires":[]},{"id":"63b79aa1.9c4864","type":"redis in","hostname":"127.0.0.1","port":6379,"name":"fix_m111_v","key":"fix_m111_v","structtype":"zset","x":807.8333129882812,"y":1046.6667003631592,"z":"9042f03f.6fbd1","wires":[["1e027ea8.e1fd81"]]},{"id":"1e027ea8.e1fd81","type":"function","name":"sort","useRequire":false,"func":"var ob = msg.payload\nvar temp = []\n\nfor(var i = 0 ;i < ob.length;i+=2){\n\ttemp.push(ob[i])\n}\nvar sort_ok = temp.sort()\nvar out = []\nfor(var i = 0;i<sort_ok.length; i++){\n\tout.push(temp[i]);\n\tfor(var j=0;j<ob.length;j+=2){\n\t\tif(ob[j] == temp[i]){\n\t\t\tout.push(parseFloat(ob[j+1]).toFixed(2))\n\t\t}\n\t\t}\n}\nmsg.payload = out\nreturn msg","outputs":1,"x":1017.1189270019531,"y":1043.6667079925537,"z":"9042f03f.6fbd1","wires":[["8c4bca22.73b438"]]},{"id":"8c4bca22.73b438","type":"function","name":"fix_m111_v","useRequire":false,"func":"var tmp = []\nvar payload = []\n\nfor(var i=0;i<msg.payload.length;i+=2){\n\t\n \t   \ttmp = msg.payload[i+1]\n    \tvar item = msg.payload[i]\n    \tpayload.push([item,parseFloat(tmp)])\n\n}\n\npayload = {'value':payload}\nmsg.payload = {'MsgID':'adminpush_columnfix_m111_v','username':'admin','payload':payload}\nmsg.payload = JSON.stringify(msg.payload);\nreturn msg;","outputs":1,"x":1182.9761047363281,"y":1043.95241355896,"z":"9042f03f.6fbd1","wires":[["d27b4f64.2d84b"]]},{"id":"d27b4f64.2d84b","type":"redisPub","name":"fix_m111_v","host":"127.0.0.1","port":6379,"user":"","passwd":"","channel":"adminpush_columnfix_m111_v","x":1413.9760437011719,"y":1049.380994796753,"z":"9042f03f.6fbd1","wires":[]},{"id":"f909238.f06f6e","type":"redis in","hostname":"127.0.0.1","port":6379,"name":"fix_m14_r","key":"fix_m14_r","structtype":"zset","x":801.8333129882812,"y":1159.6667003631592,"z":"9042f03f.6fbd1","wires":[["1c35ab59.e3ca55"]]},{"id":"1c35ab59.e3ca55","type":"function","name":"sort","useRequire":false,"func":"var ob = msg.payload\nvar temp = []\n\nfor(var i = 0 ;i < ob.length;i+=2){\n\ttemp.push(ob[i])\n}\nvar sort_ok = temp.sort()\nvar out = []\nfor(var i = 0;i<sort_ok.length; i++){\n\tout.push(temp[i]);\n\tfor(var j=0;j<ob.length;j+=2){\n\t\tif(ob[j] == temp[i]){\n\t\t\tout.push(parseFloat(ob[j+1]).toFixed(2))\n\t\t}\n\t\t}\n}\nmsg.payload = out\nreturn msg","outputs":1,"x":1011.1189270019531,"y":1156.6667079925537,"z":"9042f03f.6fbd1","wires":[["a10ea9fc.5ef158"]]},{"id":"a10ea9fc.5ef158","type":"function","name":"fix_m14_r","useRequire":false,"func":"var tmp = []\nvar payload = []\n\nfor(var i=0;i<msg.payload.length;i+=2){\n\t\n \t   \ttmp = msg.payload[i+1]\n    \tvar item = msg.payload[i]\n    \tpayload.push([item,parseFloat(tmp)])\n\n}\n\npayload = {'value':payload}\nmsg.payload = {'MsgID':'adminpush_linefix_m14_r','username':'admin','payload':payload}\nmsg.payload = JSON.stringify(msg.payload);\nreturn msg;","outputs":1,"x":1176.9761047363281,"y":1156.95241355896,"z":"9042f03f.6fbd1","wires":[["fc6d904.f03927"]]},{"id":"fc6d904.f03927","type":"redisPub","name":"fix_m14_r","host":"127.0.0.1","port":6379,"user":"","passwd":"","channel":"adminpush_linefix_m14_r","x":1407.9760437011719,"y":1162.380994796753,"z":"9042f03f.6fbd1","wires":[]},{"id":"1763a287.e89c5d","type":"redis in","hostname":"127.0.0.1","port":6379,"name":"fix_m15_r","key":"fix_m15_r","structtype":"zset","x":802.8333129882812,"y":1210.6667003631592,"z":"9042f03f.6fbd1","wires":[["22e113ca.dd1eec"]]},{"id":"22e113ca.dd1eec","type":"function","name":"sort","useRequire":false,"func":"var ob = msg.payload\nvar temp = []\n\nfor(var i = 0 ;i < ob.length;i+=2){\n\ttemp.push(ob[i])\n}\nvar sort_ok = temp.sort()\nvar out = []\nfor(var i = 0;i<sort_ok.length; i++){\n\tout.push(temp[i]);\n\tfor(var j=0;j<ob.length;j+=2){\n\t\tif(ob[j] == temp[i]){\n\t\t\tout.push(parseFloat(ob[j+1]).toFixed(2))\n\t\t}\n\t\t}\n}\nmsg.payload = out\nreturn msg","outputs":1,"x":1012.1189270019531,"y":1207.6667079925537,"z":"9042f03f.6fbd1","wires":[["891d1989.76e2e8"]]},{"id":"891d1989.76e2e8","type":"function","name":"fix_m15_r","useRequire":false,"func":"var tmp = []\nvar payload = []\n\nfor(var i=0;i<msg.payload.length;i+=2){\n\t\n \t   \ttmp = msg.payload[i+1]\n    \tvar item = msg.payload[i]\n    \tpayload.push([item,parseFloat(tmp)])\n\n}\n\npayload = {'value':payload}\nmsg.payload = {'MsgID':'adminpush_linefix_m15_r','username':'admin','payload':payload}\nmsg.payload = JSON.stringify(msg.payload);\nreturn msg;","outputs":1,"x":1177.9761047363281,"y":1207.95241355896,"z":"9042f03f.6fbd1","wires":[["e20e945b.1df168"]]},{"id":"e20e945b.1df168","type":"redisPub","name":"fix_m15_r","host":"127.0.0.1","port":6379,"user":"","passwd":"","channel":"adminpush_linefix_m15_r","x":1408.9760437011719,"y":1213.380994796753,"z":"9042f03f.6fbd1","wires":[]},{"id":"1bbc17ba.e443e8","type":"redis in","hostname":"127.0.0.1","port":6379,"name":"fix_m17_r","key":"fix_m17_r","structtype":"zset","x":797.8333129882812,"y":1258.6667308807373,"z":"9042f03f.6fbd1","wires":[["90f9aefa.6f065"]]},{"id":"90f9aefa.6f065","type":"function","name":"sort","useRequire":false,"func":"var ob = msg.payload\nvar temp = []\n\nfor(var i = 0 ;i < ob.length;i+=2){\n\ttemp.push(ob[i])\n}\nvar sort_ok = temp.sort()\nvar out = []\nfor(var i = 0;i<sort_ok.length; i++){\n\tout.push(temp[i]);\n\tfor(var j=0;j<ob.length;j+=2){\n\t\tif(ob[j] == temp[i]){\n\t\t\tout.push(parseFloat(ob[j+1]).toFixed(2))\n\t\t}\n\t\t}\n}\nmsg.payload = out\nreturn msg","outputs":1,"x":1007.1189270019531,"y":1255.6667385101318,"z":"9042f03f.6fbd1","wires":[["689f71ec.97609"]]},{"id":"689f71ec.97609","type":"function","name":"fix_m17_r","useRequire":false,"func":"var tmp = []\nvar payload = []\n\nfor(var i=0;i<msg.payload.length;i+=2){\n\t\n \t   \ttmp = msg.payload[i+1]\n    \tvar item = msg.payload[i]\n    \tpayload.push([item,parseFloat(tmp)])\n\n}\n\npayload = {'value':payload}\nmsg.payload = {'MsgID':'adminpush_linefix_m17_r','username':'admin','payload':payload}\nmsg.payload = JSON.stringify(msg.payload);\nreturn msg;","outputs":1,"x":1172.9761047363281,"y":1255.952444076538,"z":"9042f03f.6fbd1","wires":[["9634dc80.69cb2"]]},{"id":"9634dc80.69cb2","type":"redisPub","name":"fix_m17_r","host":"127.0.0.1","port":6379,"user":"","passwd":"","channel":"adminpush_linefix_m17_r","x":1403.9760437011719,"y":1261.381025314331,"z":"9042f03f.6fbd1","wires":[]},{"id":"df20b0c3.20df5","type":"redis in","hostname":"127.0.0.1","port":6379,"name":"fix_m18_r","key":"fix_m18_r","structtype":"zset","x":798.8333129882812,"y":1309.6667003631592,"z":"9042f03f.6fbd1","wires":[["c912ac5d.36ed5"]]},{"id":"c912ac5d.36ed5","type":"function","name":"sort","useRequire":false,"func":"var ob = msg.payload\nvar temp = []\n\nfor(var i = 0 ;i < ob.length;i+=2){\n\ttemp.push(ob[i])\n}\nvar sort_ok = temp.sort()\nvar out = []\nfor(var i = 0;i<sort_ok.length; i++){\n\tout.push(temp[i]);\n\tfor(var j=0;j<ob.length;j+=2){\n\t\tif(ob[j] == temp[i]){\n\t\t\tout.push(parseFloat(ob[j+1]).toFixed(2))\n\t\t}\n\t\t}\n}\nmsg.payload = out\nreturn msg","outputs":1,"x":1008.1189270019531,"y":1306.6667079925537,"z":"9042f03f.6fbd1","wires":[["8f1e65db.70e198"]]},{"id":"8f1e65db.70e198","type":"function","name":"fix_m18_r","useRequire":false,"func":"var tmp = []\nvar payload = []\n\nfor(var i=0;i<msg.payload.length;i+=2){\n\t\n \t   \ttmp = msg.payload[i+1]\n    \tvar item = msg.payload[i]\n    \tpayload.push([item,parseFloat(tmp)])\n\n}\n\npayload = {'value':payload}\nmsg.payload = {'MsgID':'adminpush_linefix_m18_r','username':'admin','payload':payload}\nmsg.payload = JSON.stringify(msg.payload);\nreturn msg;","outputs":1,"x":1173.9761047363281,"y":1306.95241355896,"z":"9042f03f.6fbd1","wires":[["ea35580e.15caa8"]]},{"id":"ea35580e.15caa8","type":"redisPub","name":"fix_m18_r","host":"127.0.0.1","port":6379,"user":"","passwd":"","channel":"adminpush_linefix_m18_r","x":1404.9760437011719,"y":1312.380994796753,"z":"9042f03f.6fbd1","wires":[]},{"id":"48253733.b7dac8","type":"redis in","hostname":"127.0.0.1","port":6379,"name":"fix_m110_r","key":"fix_m110_r","structtype":"zset","x":793.8333129882812,"y":1357.6667308807373,"z":"9042f03f.6fbd1","wires":[["5e558597.a1aa7c"]]},{"id":"5e558597.a1aa7c","type":"function","name":"sort","useRequire":false,"func":"var ob = msg.payload\nvar temp = []\n\nfor(var i = 0 ;i < ob.length;i+=2){\n\ttemp.push(ob[i])\n}\nvar sort_ok = temp.sort()\nvar out = []\nfor(var i = 0;i<sort_ok.length; i++){\n\tout.push(temp[i]);\n\tfor(var j=0;j<ob.length;j+=2){\n\t\tif(ob[j] == temp[i]){\n\t\t\tout.push(parseFloat(ob[j+1]).toFixed(2))\n\t\t}\n\t\t}\n}\nmsg.payload = out\nreturn msg","outputs":1,"x":1003.1189270019531,"y":1354.6667385101318,"z":"9042f03f.6fbd1","wires":[["da5fda12.25a028"]]},{"id":"da5fda12.25a028","type":"function","name":"fix_m110_r","useRequire":false,"func":"var tmp = []\nvar payload = []\n\nfor(var i=0;i<msg.payload.length;i+=2){\n\t\n \t   \ttmp = msg.payload[i+1]\n    \tvar item = msg.payload[i]\n    \tpayload.push([item,parseFloat(tmp)])\n\n}\n\npayload = {'value':payload}\nmsg.payload = {'MsgID':'adminpush_linefix_m110_r','username':'admin','payload':payload}\nmsg.payload = JSON.stringify(msg.payload);\nreturn msg;","outputs":1,"x":1168.9761047363281,"y":1354.952444076538,"z":"9042f03f.6fbd1","wires":[["e8c5dcbd.173a2"]]},{"id":"e8c5dcbd.173a2","type":"redisPub","name":"fix_m110_r","host":"127.0.0.1","port":6379,"user":"","passwd":"","channel":"adminpush_linefix_m110_r","x":1399.9760437011719,"y":1360.381025314331,"z":"9042f03f.6fbd1","wires":[]},{"id":"1eb95488.e146ab","type":"redis in","hostname":"127.0.0.1","port":6379,"name":"fix_m111_r","key":"fix_m111_r","structtype":"zset","x":794.8333129882812,"y":1408.6667308807373,"z":"9042f03f.6fbd1","wires":[["988a84d.f677578"]]},{"id":"988a84d.f677578","type":"function","name":"sort","useRequire":false,"func":"var ob = msg.payload\nvar temp = []\n\nfor(var i = 0 ;i < ob.length;i+=2){\n\ttemp.push(ob[i])\n}\nvar sort_ok = temp.sort()\nvar out = []\nfor(var i = 0;i<sort_ok.length; i++){\n\tout.push(temp[i]);\n\tfor(var j=0;j<ob.length;j+=2){\n\t\tif(ob[j] == temp[i]){\n\t\t\tout.push(parseFloat(ob[j+1]).toFixed(2))\n\t\t}\n\t\t}\n}\nmsg.payload = out\nreturn msg","outputs":1,"x":1004.1189270019531,"y":1405.6667385101318,"z":"9042f03f.6fbd1","wires":[["50e48744.af1b78"]]},{"id":"50e48744.af1b78","type":"function","name":"fix_m111_r","useRequire":false,"func":"var tmp = []\nvar payload = []\n\nfor(var i=0;i<msg.payload.length;i+=2){\n\t\n \t   \ttmp = msg.payload[i+1]\n    \tvar item = msg.payload[i]\n    \tpayload.push([item,parseFloat(tmp)])\n\n}\n\npayload = {'value':payload}\nmsg.payload = {'MsgID':'adminpush_linefix_m111_r','username':'admin','payload':payload}\nmsg.payload = JSON.stringify(msg.payload);\nreturn msg;","outputs":1,"x":1169.9761047363281,"y":1405.952444076538,"z":"9042f03f.6fbd1","wires":[["1c9719d4.e368e6"]]},{"id":"1c9719d4.e368e6","type":"redisPub","name":"fix_m111_r","host":"127.0.0.1","port":6379,"user":"","passwd":"","channel":"adminpush_linefix_m111_r","x":1400.9760437011719,"y":1411.381025314331,"z":"9042f03f.6fbd1","wires":[]}]