[{"id":"3983695e.c67c96","type":"redis in","hostname":"127.0.0.1","port":6379,"name":"induav_q1","key":"induav_q1","structtype":"zset","x":624.8147583007812,"y":176.48147583007812,"z":"15577a2e.eaa886","wires":[["8cb07e7c.734f8"]]},{"id":"8cb07e7c.734f8","type":"function","name":"sort","useRequire":false,"func":"var ob = msg.payload\nvar temp = []\n\nfor(var i = 0 ;i < ob.length;i+=2){\n\ttemp.push(ob[i])\n}\nvar sort_ok = temp.sort()\nvar out = []\nfor(var i = 0;i<sort_ok.length; i++){\n\tout.push(temp[i]);\n\tfor(var j=0;j<ob.length;j+=2){\n\t\tif(ob[j] == temp[i]){\n\t\t\tout.push(parseFloat(ob[j+1]).toFixed(2))\n\t\t}\n\t\t}\n}\nmsg.payload = out\nreturn msg","outputs":1,"x":834.1003723144531,"y":173.48148345947266,"z":"15577a2e.eaa886","wires":[["a372dc4c.5c8d2"]]},{"id":"a372dc4c.5c8d2","type":"function","name":"induav_q1","useRequire":false,"func":"var tmp = []\nvar payload = []\n\nfor(var i=0;i<msg.payload.length;i+=2){\n\t\n \t   \ttmp = msg.payload[i+1]\n    \tvar item = msg.payload[i]\n    \tpayload.push([item,parseFloat(tmp)])\n\n}\n\npayload = {'value':payload}\nmsg.payload = {'MsgID':'adminpush_lineinduav_qqq1','username':'admin','payload':payload}\nmsg.payload = JSON.stringify(msg.payload);\nreturn msg;","outputs":1,"x":999.9575500488281,"y":173.7671890258789,"z":"15577a2e.eaa886","wires":[["8db06285.724fa"]]},{"id":"8db06285.724fa","type":"redisPub","name":"induav_q1","host":"127.0.0.1","port":6379,"user":"","passwd":"","channel":"adminpush_lineinduav_qqq1","x":1230.9574890136719,"y":179.19577026367188,"z":"15577a2e.eaa886","wires":[]},{"id":"2e97b4d2.d1684c","type":"redis in","hostname":"127.0.0.1","port":6379,"name":"induav_q2","key":"induav_q2","structtype":"zset","x":617.2433166503906,"y":224.33863830566406,"z":"15577a2e.eaa886","wires":[["75dd81b5.8a228"]]},{"id":"75dd81b5.8a228","type":"function","name":"sort","useRequire":false,"func":"var ob = msg.payload\nvar temp = []\n\nfor(var i = 0 ;i < ob.length;i+=2){\n\ttemp.push(ob[i])\n}\nvar sort_ok = temp.sort()\nvar out = []\nfor(var i = 0;i<sort_ok.length; i++){\n\tout.push(temp[i]);\n\tfor(var j=0;j<ob.length;j+=2){\n\t\tif(ob[j] == temp[i]){\n\t\t\tout.push(parseFloat(ob[j+1]).toFixed(2))\n\t\t}\n\t\t}\n}\nmsg.payload = out\nreturn msg","outputs":1,"x":826.5289306640625,"y":221.3386459350586,"z":"15577a2e.eaa886","wires":[["1fc7693d.e03897"]]},{"id":"1fc7693d.e03897","type":"function","name":"induav_q2","useRequire":false,"func":"var tmp = []\nvar payload = []\n\nfor(var i=0;i<msg.payload.length;i+=2){\n\t\n \t   \ttmp = msg.payload[i+1]\n    \tvar item = msg.payload[i]\n    \tpayload.push([item,parseFloat(tmp)])\n\n}\n\npayload = {'value':payload}\nmsg.payload = {'MsgID':'adminpush_lineinduav_qq2','username':'admin','payload':payload}\nmsg.payload = JSON.stringify(msg.payload);\nreturn msg;","outputs":1,"x":992.3861083984375,"y":221.62435150146484,"z":"15577a2e.eaa886","wires":[["31efc330.ce103c"]]},{"id":"31efc330.ce103c","type":"redisPub","name":"induav_q2","host":"127.0.0.1","port":6379,"user":"","passwd":"","channel":"adminpush_lineinduav_qq2","x":1228.386001586914,"y":225.3862648010254,"z":"15577a2e.eaa886","wires":[]},{"id":"d7704a0d.288fb8","type":"redis in","hostname":"127.0.0.1","port":6379,"name":"induav_q3","key":"induav_q3","structtype":"zset","x":627.2433166503906,"y":275.33863830566406,"z":"15577a2e.eaa886","wires":[["3fdc1d70.c023e2"]]},{"id":"3fdc1d70.c023e2","type":"function","name":"sort","useRequire":false,"func":"var ob = msg.payload\nvar temp = []\n\nfor(var i = 0 ;i < ob.length;i+=2){\n\ttemp.push(ob[i])\n}\nvar sort_ok = temp.sort()\nvar out = []\nfor(var i = 0;i<sort_ok.length; i++){\n\tout.push(temp[i]);\n\tfor(var j=0;j<ob.length;j+=2){\n\t\tif(ob[j] == temp[i]){\n\t\t\tout.push(parseFloat(ob[j+1]).toFixed(2))\n\t\t}\n\t\t}\n}\nmsg.payload = out\nreturn msg","outputs":1,"x":836.5289306640625,"y":272.3386459350586,"z":"15577a2e.eaa886","wires":[["d3cd3cb6.2c32c"]]},{"id":"d3cd3cb6.2c32c","type":"function","name":"induav_q3","useRequire":false,"func":"var tmp = []\nvar payload = []\n\nfor(var i=0;i<msg.payload.length;i+=2){\n\t\n \t   \ttmp = msg.payload[i+1]\n    \tvar item = msg.payload[i]\n    \tpayload.push([item,parseFloat(tmp)])\n\n}\n\npayload = {'value':payload}\nmsg.payload = {'MsgID':'adminpush_lineinduav_qq3','username':'admin','payload':payload}\nmsg.payload = JSON.stringify(msg.payload);\nreturn msg;","outputs":1,"x":1002.3861083984375,"y":272.62435150146484,"z":"15577a2e.eaa886","wires":[["21a75741.de58a8"]]},{"id":"21a75741.de58a8","type":"redisPub","name":"induav_q3","host":"127.0.0.1","port":6379,"user":"","passwd":"","channel":"adminpush_lineinduav_qq3","x":1233.3860473632812,"y":278.0529327392578,"z":"15577a2e.eaa886","wires":[]},{"id":"5a077be8.a5f884","type":"redis in","hostname":"127.0.0.1","port":6379,"name":"induav_q4","key":"induav_q4","structtype":"zset","x":619.671875,"y":323.19580078125,"z":"15577a2e.eaa886","wires":[["a2448360.5dbb8"]]},{"id":"a2448360.5dbb8","type":"function","name":"sort","useRequire":false,"func":"var ob = msg.payload\nvar temp = []\n\nfor(var i = 0 ;i < ob.length;i+=2){\n\ttemp.push(ob[i])\n}\nvar sort_ok = temp.sort()\nvar out = []\nfor(var i = 0;i<sort_ok.length; i++){\n\tout.push(temp[i]);\n\tfor(var j=0;j<ob.length;j+=2){\n\t\tif(ob[j] == temp[i]){\n\t\t\tout.push(parseFloat(ob[j+1]).toFixed(2))\n\t\t}\n\t\t}\n}\nmsg.payload = out\nreturn msg","outputs":1,"x":828.9574890136719,"y":320.19580841064453,"z":"15577a2e.eaa886","wires":[["69fc2845.9603d8"]]},{"id":"69fc2845.9603d8","type":"function","name":"induav_q4","useRequire":false,"func":"var tmp = []\nvar payload = []\n\nfor(var i=0;i<msg.payload.length;i+=2){\n\t\n \t   \ttmp = msg.payload[i+1]\n    \tvar item = msg.payload[i]\n    \tpayload.push([item,parseFloat(tmp)])\n\n}\n\npayload = {'value':payload}\nmsg.payload = {'MsgID':'adminpush_lineinduav_qq4','username':'admin','payload':payload}\nmsg.payload = JSON.stringify(msg.payload);\nreturn msg;","outputs":1,"x":994.8146667480469,"y":320.4815139770508,"z":"15577a2e.eaa886","wires":[["9eec9e69.61136"]]},{"id":"9eec9e69.61136","type":"redisPub","name":"induav_q4","host":"127.0.0.1","port":6379,"user":"","passwd":"","channel":"adminpush_lineinduav_qq4","x":1225.8146057128906,"y":325.91009521484375,"z":"15577a2e.eaa886","wires":[]},{"id":"208dde4a.df7222","type":"redis in","hostname":"127.0.0.1","port":6379,"name":"induav_m14","key":"induav_m14","structtype":"zset","x":633.1481323242188,"y":469.8147888183594,"z":"15577a2e.eaa886","wires":[["ae293397.51d6d"]]},{"id":"ae293397.51d6d","type":"function","name":"sort","useRequire":false,"func":"var ob = msg.payload\nvar temp = []\n\nfor(var i = 0 ;i < ob.length;i+=2){\n\ttemp.push(ob[i])\n}\nvar sort_ok = temp.sort()\nvar out = []\nfor(var i = 0;i<sort_ok.length; i++){\n\tout.push(temp[i]);\n\tfor(var j=0;j<ob.length;j+=2){\n\t\tif(ob[j] == temp[i]){\n\t\t\tout.push(parseFloat(ob[j+1]).toFixed(2))\n\t\t}\n\t\t}\n}\nmsg.payload = out\nreturn msg","outputs":1,"x":842.4337463378906,"y":466.8147964477539,"z":"15577a2e.eaa886","wires":[["14929654.eb6d6a"]]},{"id":"14929654.eb6d6a","type":"function","name":"induav_m14","useRequire":false,"func":"var tmp = []\nvar payload = []\n\nfor(var i=0;i<msg.payload.length;i+=2){\n\t\n \t   \ttmp = msg.payload[i+1]\n    \tvar item = msg.payload[i]\n    \tpayload.push([item,parseFloat(tmp)])\n\n}\n\npayload = {'value':payload}\nmsg.payload = {'MsgID':'adminpush_lineinduav_m14','username':'admin','payload':payload}\nmsg.payload = JSON.stringify(msg.payload);\nreturn msg;","outputs":1,"x":1008.2909240722656,"y":467.10050201416016,"z":"15577a2e.eaa886","wires":[["f2a6058e.0d59f8"]]},{"id":"f2a6058e.0d59f8","type":"redisPub","name":"induav_m14","host":"127.0.0.1","port":6379,"user":"","passwd":"","channel":"adminpush_lineinduav_m14","x":1239.2908630371094,"y":472.5290832519531,"z":"15577a2e.eaa886","wires":[]},{"id":"acfc7c0b.53038","type":"redis in","hostname":"127.0.0.1","port":6379,"name":"induav_m15","key":"induav_m15","structtype":"zset","x":634.1481323242188,"y":520.8147888183594,"z":"15577a2e.eaa886","wires":[["7f0913a5.80f6ec"]]},{"id":"7f0913a5.80f6ec","type":"function","name":"sort","useRequire":false,"func":"var ob = msg.payload\nvar temp = []\n\nfor(var i = 0 ;i < ob.length;i+=2){\n\ttemp.push(ob[i])\n}\nvar sort_ok = temp.sort()\nvar out = []\nfor(var i = 0;i<sort_ok.length; i++){\n\tout.push(temp[i]);\n\tfor(var j=0;j<ob.length;j+=2){\n\t\tif(ob[j] == temp[i]){\n\t\t\tout.push(parseFloat(ob[j+1]).toFixed(2))\n\t\t}\n\t\t}\n}\nmsg.payload = out\nreturn msg","outputs":1,"x":843.4337463378906,"y":517.8147964477539,"z":"15577a2e.eaa886","wires":[["3b7524a6.c48adc"]]},{"id":"3b7524a6.c48adc","type":"function","name":"induav_m15","useRequire":false,"func":"var tmp = []\nvar payload = []\n\nfor(var i=0;i<msg.payload.length;i+=2){\n\t\n \t   \ttmp = msg.payload[i+1]\n    \tvar item = msg.payload[i]\n    \tpayload.push([item,parseFloat(tmp)])\n\n}\n\npayload = {'value':payload}\nmsg.payload = {'MsgID':'adminpush_lineinduav_m15','username':'admin','payload':payload}\nmsg.payload = JSON.stringify(msg.payload);\nreturn msg;","outputs":1,"x":1009.2909240722656,"y":518.1005020141602,"z":"15577a2e.eaa886","wires":[["ad39732b.52c69"]]},{"id":"ad39732b.52c69","type":"redisPub","name":"induav_m15","host":"127.0.0.1","port":6379,"user":"","passwd":"","channel":"adminpush_lineinduav_m15","x":1240.2908630371094,"y":523.5290832519531,"z":"15577a2e.eaa886","wires":[]},{"id":"14d9814f.eb267f","type":"redis in","hostname":"127.0.0.1","port":6379,"name":"induav_m17","key":"induav_m17","structtype":"zset","x":629.1481323242188,"y":568.8148193359375,"z":"15577a2e.eaa886","wires":[["7ae6ba5e.851944"]]},{"id":"7ae6ba5e.851944","type":"function","name":"sort","useRequire":false,"func":"var ob = msg.payload\nvar temp = []\n\nfor(var i = 0 ;i < ob.length;i+=2){\n\ttemp.push(ob[i])\n}\nvar sort_ok = temp.sort()\nvar out = []\nfor(var i = 0;i<sort_ok.length; i++){\n\tout.push(temp[i]);\n\tfor(var j=0;j<ob.length;j+=2){\n\t\tif(ob[j] == temp[i]){\n\t\t\tout.push(parseFloat(ob[j+1]).toFixed(2))\n\t\t}\n\t\t}\n}\nmsg.payload = out\nreturn msg","outputs":1,"x":838.4337463378906,"y":565.814826965332,"z":"15577a2e.eaa886","wires":[["b890997f.476f68"]]},{"id":"b890997f.476f68","type":"function","name":"induav_m17","useRequire":false,"func":"var tmp = []\nvar payload = []\n\nfor(var i=0;i<msg.payload.length;i+=2){\n\t\n \t   \ttmp = msg.payload[i+1]\n    \tvar item = msg.payload[i]\n    \tpayload.push([item,parseFloat(tmp)])\n\n}\n\npayload = {'value':payload}\nmsg.payload = {'MsgID':'adminpush_lineinduav_m17','username':'admin','payload':payload}\nmsg.payload = JSON.stringify(msg.payload);\nreturn msg;","outputs":1,"x":1004.2909240722656,"y":566.1005325317383,"z":"15577a2e.eaa886","wires":[["cfafce38.30503"]]},{"id":"cfafce38.30503","type":"redisPub","name":"induav_m17","host":"127.0.0.1","port":6379,"user":"","passwd":"","channel":"adminpush_lineinduav_m17","x":1235.2908630371094,"y":571.5291137695312,"z":"15577a2e.eaa886","wires":[]},{"id":"49f86b8e.b60794","type":"redis in","hostname":"127.0.0.1","port":6379,"name":"induav_m18","key":"induav_m18","structtype":"zset","x":630.1481323242188,"y":619.8147888183594,"z":"15577a2e.eaa886","wires":[["d1b37192.2e4c9"]]},{"id":"d1b37192.2e4c9","type":"function","name":"sort","useRequire":false,"func":"var ob = msg.payload\nvar temp = []\n\nfor(var i = 0 ;i < ob.length;i+=2){\n\ttemp.push(ob[i])\n}\nvar sort_ok = temp.sort()\nvar out = []\nfor(var i = 0;i<sort_ok.length; i++){\n\tout.push(temp[i]);\n\tfor(var j=0;j<ob.length;j+=2){\n\t\tif(ob[j] == temp[i]){\n\t\t\tout.push(parseFloat(ob[j+1]).toFixed(2))\n\t\t}\n\t\t}\n}\nmsg.payload = out\nreturn msg","outputs":1,"x":839.4337463378906,"y":616.8147964477539,"z":"15577a2e.eaa886","wires":[["2143f18e.debc0e"]]},{"id":"2143f18e.debc0e","type":"function","name":"induav_m18","useRequire":false,"func":"var tmp = []\nvar payload = []\n\nfor(var i=0;i<msg.payload.length;i+=2){\n\t\n \t   \ttmp = msg.payload[i+1]\n    \tvar item = msg.payload[i]\n    \tpayload.push([item,parseFloat(tmp)])\n\n}\n\npayload = {'value':payload}\nmsg.payload = {'MsgID':'adminpush_lineinduav_m18','username':'admin','payload':payload}\nmsg.payload = JSON.stringify(msg.payload);\nreturn msg;","outputs":1,"x":1005.2909240722656,"y":617.1005020141602,"z":"15577a2e.eaa886","wires":[["d67b334e.2984d"]]},{"id":"d67b334e.2984d","type":"redisPub","name":"induav_m18","host":"127.0.0.1","port":6379,"user":"","passwd":"","channel":"adminpush_lineinduav_m18","x":1236.2908630371094,"y":622.5290832519531,"z":"15577a2e.eaa886","wires":[]},{"id":"d4007341.2bff9","type":"redis in","hostname":"127.0.0.1","port":6379,"name":"induav_m110","key":"induav_m110","structtype":"zset","x":625.1481323242188,"y":667.8148193359375,"z":"15577a2e.eaa886","wires":[["5301f29a.acfe0c"]]},{"id":"5301f29a.acfe0c","type":"function","name":"sort","useRequire":false,"func":"var ob = msg.payload\nvar temp = []\n\nfor(var i = 0 ;i < ob.length;i+=2){\n\ttemp.push(ob[i])\n}\nvar sort_ok = temp.sort()\nvar out = []\nfor(var i = 0;i<sort_ok.length; i++){\n\tout.push(temp[i]);\n\tfor(var j=0;j<ob.length;j+=2){\n\t\tif(ob[j] == temp[i]){\n\t\t\tout.push(parseFloat(ob[j+1]).toFixed(2))\n\t\t}\n\t\t}\n}\nmsg.payload = out\nreturn msg","outputs":1,"x":834.4337463378906,"y":664.814826965332,"z":"15577a2e.eaa886","wires":[["2ac1622d.d53e9e"]]},{"id":"2ac1622d.d53e9e","type":"function","name":"induav_m110","useRequire":false,"func":"var tmp = []\nvar payload = []\n\nfor(var i=0;i<msg.payload.length;i+=2){\n\t\n \t   \ttmp = msg.payload[i+1]\n    \tvar item = msg.payload[i]\n    \tpayload.push([item,parseFloat(tmp)])\n\n}\n\npayload = {'value':payload}\nmsg.payload = {'MsgID':'adminpush_lineinduav_m110','username':'admin','payload':payload}\nmsg.payload = JSON.stringify(msg.payload);\nreturn msg;","outputs":1,"x":1000.2909240722656,"y":665.1005325317383,"z":"15577a2e.eaa886","wires":[["3bc41d4f.c43be2"]]},{"id":"3bc41d4f.c43be2","type":"redisPub","name":"induav_m110","host":"127.0.0.1","port":6379,"user":"","passwd":"","channel":"adminpush_lineinduav_m110","x":1231.2908630371094,"y":670.5291137695312,"z":"15577a2e.eaa886","wires":[]},{"id":"51fbacc9.ae0454","type":"redis in","hostname":"127.0.0.1","port":6379,"name":"induav_m111","key":"induav_m111","structtype":"zset","x":626.1481323242188,"y":718.8148193359375,"z":"15577a2e.eaa886","wires":[["ec4bfef9.13b4"]]},{"id":"ec4bfef9.13b4","type":"function","name":"sort","useRequire":false,"func":"var ob = msg.payload\nvar temp = []\n\nfor(var i = 0 ;i < ob.length;i+=2){\n\ttemp.push(ob[i])\n}\nvar sort_ok = temp.sort()\nvar out = []\nfor(var i = 0;i<sort_ok.length; i++){\n\tout.push(temp[i]);\n\tfor(var j=0;j<ob.length;j+=2){\n\t\tif(ob[j] == temp[i]){\n\t\t\tout.push(parseFloat(ob[j+1]).toFixed(2))\n\t\t}\n\t\t}\n}\nmsg.payload = out\nreturn msg","outputs":1,"x":835.4337463378906,"y":715.814826965332,"z":"15577a2e.eaa886","wires":[["20c70598.df38fa"]]},{"id":"20c70598.df38fa","type":"function","name":"induav_m111","useRequire":false,"func":"var tmp = []\nvar payload = []\n\nfor(var i=0;i<msg.payload.length;i+=2){\n\t\n \t   \ttmp = msg.payload[i+1]\n    \tvar item = msg.payload[i]\n    \tpayload.push([item,parseFloat(tmp)])\n\n}\n\npayload = {'value':payload}\nmsg.payload = {'MsgID':'adminpush_lineinduav_m111','username':'admin','payload':payload}\nmsg.payload = JSON.stringify(msg.payload);\nreturn msg;","outputs":1,"x":1001.2909240722656,"y":716.1005325317383,"z":"15577a2e.eaa886","wires":[["c0845b2d.3f7ba8"]]},{"id":"c0845b2d.3f7ba8","type":"redisPub","name":"induav_m111","host":"127.0.0.1","port":6379,"user":"","passwd":"","channel":"adminpush_lineinduav_m111","x":1232.2908630371094,"y":721.5291137695312,"z":"15577a2e.eaa886","wires":[]},{"id":"d9bcb89d.264348","type":"redis in","hostname":"127.0.0.1","port":6379,"name":"induav_m12","key":"induav_m12","structtype":"zset","x":634.8148078918457,"y":418.14806938171387,"z":"15577a2e.eaa886","wires":[["2bbe3bd3.d441c4"]]},{"id":"2bbe3bd3.d441c4","type":"function","name":"sort","useRequire":false,"func":"var ob = msg.payload\nvar temp = []\n\nfor(var i = 0 ;i < ob.length;i+=2){\n\ttemp.push(ob[i])\n}\nvar sort_ok = temp.sort()\nvar out = []\nfor(var i = 0;i<sort_ok.length; i++){\n\tout.push(temp[i]);\n\tfor(var j=0;j<ob.length;j+=2){\n\t\tif(ob[j] == temp[i]){\n\t\t\tout.push(parseFloat(ob[j+1]).toFixed(2))\n\t\t}\n\t\t}\n}\nmsg.payload = out\nreturn msg","outputs":1,"x":844.1004219055176,"y":415.1480770111084,"z":"15577a2e.eaa886","wires":[["fb8ba1af.04746"]]},{"id":"fb8ba1af.04746","type":"function","name":"induav_m12","useRequire":false,"func":"var tmp = []\nvar payload = []\n\nfor(var i=0;i<msg.payload.length;i+=2){\n\t\n \t   \ttmp = msg.payload[i+1]\n    \tvar item = msg.payload[i]\n    \tpayload.push([item,parseFloat(tmp)])\n\n}\n\npayload = {'value':payload}\nmsg.payload = {'MsgID':'adminpush_lineinduav_m12','username':'admin','payload':payload}\nmsg.payload = JSON.stringify(msg.payload);\nreturn msg;","outputs":1,"x":1009.9575996398926,"y":415.43378257751465,"z":"15577a2e.eaa886","wires":[["23c2e286.dc3d1e"]]},{"id":"23c2e286.dc3d1e","type":"redisPub","name":"induav_m12","host":"127.0.0.1","port":6379,"user":"","passwd":"","channel":"adminpush_lineinduav_m12","x":1240.9575386047363,"y":420.8623638153076,"z":"15577a2e.eaa886","wires":[]},{"id":"ae90a42a.516f58","type":"inject","name":"","topic":"","payload":"","payloadType":"date","repeat":"1","crontab":"","once":false,"x":348.148157119751,"y":421.48140716552734,"z":"15577a2e.eaa886","wires":[["3983695e.c67c96","2e97b4d2.d1684c","d7704a0d.288fb8","5a077be8.a5f884","d9bcb89d.264348","208dde4a.df7222","acfc7c0b.53038","14d9814f.eb267f","49f86b8e.b60794","d4007341.2bff9","51fbacc9.ae0454"]]}]