[{"id":"5b20c88.fa4df38","type":"redis in","hostname":"127.0.0.1","port":6379,"name":"indusv_q1","key":"indusv_q1","structtype":"zset","x":493.14813232421875,"y":147.99998235702515,"z":"1498b4bf.eb674b","wires":[["44b81367.bb47ec"]]},{"id":"44b81367.bb47ec","type":"function","name":"sort","useRequire":false,"func":"var ob = msg.payload\nvar temp = []\n\nfor(var i = 0 ;i < ob.length;i+=2){\n\ttemp.push(ob[i])\n}\nvar sort_ok = temp.sort()\nvar out = []\nfor(var i = 0;i<sort_ok.length; i++){\n\tout.push(temp[i]);\n\tfor(var j=0;j<ob.length;j+=2){\n\t\tif(ob[j] == temp[i]){\n\t\t\tout.push(parseFloat(ob[j+1]).toFixed(2))\n\t\t}\n\t\t}\n}\nmsg.payload = out\nreturn msg","outputs":1,"x":702.4337463378906,"y":144.99998998641968,"z":"1498b4bf.eb674b","wires":[["d8a1ec51.275e1"]]},{"id":"d8a1ec51.275e1","type":"function","name":"indusv_q1","useRequire":false,"func":"var tmp = []\nvar payload = []\n\nfor(var i=0;i<msg.payload.length;i+=2){\n\t\n \t   \ttmp = msg.payload[i+1]\n    \tvar item = msg.payload[i]\n    \tpayload.push([item,parseFloat(tmp)])\n\n}\n\npayload = {'value':payload}\nmsg.payload = {'MsgID':'adminpush_columnindusv_q1','username':'admin','payload':payload}\nmsg.payload = JSON.stringify(msg.payload);\nreturn msg;","outputs":1,"x":868.2909240722656,"y":145.28569555282593,"z":"1498b4bf.eb674b","wires":[["2e15882a.d1ea78"]]},{"id":"2e15882a.d1ea78","type":"redisPub","name":"indusv_q1","host":"127.0.0.1","port":6379,"user":"","passwd":"","channel":"adminpush_columnindusv_q1","x":1099.2908630371094,"y":150.7142767906189,"z":"1498b4bf.eb674b","wires":[]},{"id":"c69ffe88.396","type":"redis in","hostname":"127.0.0.1","port":6379,"name":"indusv_q2","key":"indusv_q2","structtype":"zset","x":485.5766906738281,"y":195.85714483261108,"z":"1498b4bf.eb674b","wires":[["deff3297.2100d"]]},{"id":"deff3297.2100d","type":"function","name":"sort","useRequire":false,"func":"var ob = msg.payload\nvar temp = []\n\nfor(var i = 0 ;i < ob.length;i+=2){\n\ttemp.push(ob[i])\n}\nvar sort_ok = temp.sort()\nvar out = []\nfor(var i = 0;i<sort_ok.length; i++){\n\tout.push(temp[i]);\n\tfor(var j=0;j<ob.length;j+=2){\n\t\tif(ob[j] == temp[i]){\n\t\t\tout.push(parseFloat(ob[j+1]).toFixed(2))\n\t\t}\n\t\t}\n}\nmsg.payload = out\nreturn msg","outputs":1,"x":694.8623046875,"y":192.85715246200562,"z":"1498b4bf.eb674b","wires":[["c2363f84.3dc9c"]]},{"id":"c2363f84.3dc9c","type":"function","name":"indusv_q2","useRequire":false,"func":"var tmp = []\nvar payload = []\n\nfor(var i=0;i<msg.payload.length;i+=2){\n\t\n \t   \ttmp = msg.payload[i+1]\n    \tvar item = msg.payload[i]\n    \tpayload.push([item,parseFloat(tmp)])\n\n}\n\npayload = {'value':payload}\nmsg.payload = {'MsgID':'adminpush_columnindusv_q2','username':'admin','payload':payload}\nmsg.payload = JSON.stringify(msg.payload);\nreturn msg;","outputs":1,"x":860.719482421875,"y":193.14285802841187,"z":"1498b4bf.eb674b","wires":[["748d69ae.8b7298"]]},{"id":"748d69ae.8b7298","type":"redisPub","name":"indusv_q2","host":"127.0.0.1","port":6379,"user":"","passwd":"","channel":"adminpush_columnindusv_q2","x":1091.7194213867188,"y":198.57143926620483,"z":"1498b4bf.eb674b","wires":[]},{"id":"d8045c32.27fba","type":"redis in","hostname":"127.0.0.1","port":6379,"name":"indusv_q3","key":"indusv_q3","structtype":"zset","x":495.5766906738281,"y":246.85714483261108,"z":"1498b4bf.eb674b","wires":[["9c82c1f.f637d4"]]},{"id":"9c82c1f.f637d4","type":"function","name":"sort","useRequire":false,"func":"var ob = msg.payload\nvar temp = []\n\nfor(var i = 0 ;i < ob.length;i+=2){\n\ttemp.push(ob[i])\n}\nvar sort_ok = temp.sort()\nvar out = []\nfor(var i = 0;i<sort_ok.length; i++){\n\tout.push(temp[i]);\n\tfor(var j=0;j<ob.length;j+=2){\n\t\tif(ob[j] == temp[i]){\n\t\t\tout.push(parseFloat(ob[j+1]).toFixed(2))\n\t\t}\n\t\t}\n}\nmsg.payload = out\nreturn msg","outputs":1,"x":704.8623046875,"y":243.85715246200562,"z":"1498b4bf.eb674b","wires":[["1f5ebcb9.e0a143"]]},{"id":"1f5ebcb9.e0a143","type":"function","name":"indusv_q3","useRequire":false,"func":"var tmp = []\nvar payload = []\n\nfor(var i=0;i<msg.payload.length;i+=2){\n\t\n \t   \ttmp = msg.payload[i+1]\n    \tvar item = msg.payload[i]\n    \tpayload.push([item,parseFloat(tmp)])\n\n}\n\npayload = {'value':payload}\nmsg.payload = {'MsgID':'adminpush_columnindusv_q3','username':'admin','payload':payload}\nmsg.payload = JSON.stringify(msg.payload);\nreturn msg;","outputs":1,"x":870.719482421875,"y":244.14285802841187,"z":"1498b4bf.eb674b","wires":[["311590c4.ceea7"]]},{"id":"311590c4.ceea7","type":"redisPub","name":"indusv_q3","host":"127.0.0.1","port":6379,"user":"","passwd":"","channel":"adminpush_columnindusv_q3","x":1101.7194213867188,"y":249.57143926620483,"z":"1498b4bf.eb674b","wires":[]},{"id":"dda70ad9.2258f8","type":"redis in","hostname":"127.0.0.1","port":6379,"name":"indusv_q4","key":"indusv_q4","structtype":"zset","x":488.0052490234375,"y":294.714307308197,"z":"1498b4bf.eb674b","wires":[["f542d4ab.0abd28"]]},{"id":"f542d4ab.0abd28","type":"function","name":"sort","useRequire":false,"func":"var ob = msg.payload\nvar temp = []\n\nfor(var i = 0 ;i < ob.length;i+=2){\n\ttemp.push(ob[i])\n}\nvar sort_ok = temp.sort()\nvar out = []\nfor(var i = 0;i<sort_ok.length; i++){\n\tout.push(temp[i]);\n\tfor(var j=0;j<ob.length;j+=2){\n\t\tif(ob[j] == temp[i]){\n\t\t\tout.push(parseFloat(ob[j+1]).toFixed(2))\n\t\t}\n\t\t}\n}\nmsg.payload = out\nreturn msg","outputs":1,"x":697.2908630371094,"y":291.71431493759155,"z":"1498b4bf.eb674b","wires":[["ab567041.54a99"]]},{"id":"ab567041.54a99","type":"function","name":"indusv_q4","useRequire":false,"func":"var tmp = []\nvar payload = []\n\nfor(var i=0;i<msg.payload.length;i+=2){\n\t\n \t   \ttmp = msg.payload[i+1]\n    \tvar item = msg.payload[i]\n    \tpayload.push([item,parseFloat(tmp)])\n\n}\n\npayload = {'value':payload}\nmsg.payload = {'MsgID':'adminpush_columnindusv_q4','username':'admin','payload':payload}\nmsg.payload = JSON.stringify(msg.payload);\nreturn msg;","outputs":1,"x":863.1480407714844,"y":292.0000205039978,"z":"1498b4bf.eb674b","wires":[["666d12a0.9992ec"]]},{"id":"666d12a0.9992ec","type":"redisPub","name":"indusv_q4","host":"127.0.0.1","port":6379,"user":"","passwd":"","channel":"adminpush_columnindusv_q4","x":1094.1479797363281,"y":297.42860174179077,"z":"1498b4bf.eb674b","wires":[]},{"id":"fff9e2f3.00062","type":"redis in","hostname":"127.0.0.1","port":6379,"name":"indugr_m14","key":"indugr_m14","structtype":"zset","x":508.1481132507324,"y":626.4814777374268,"z":"1498b4bf.eb674b","wires":[["2f2bd02c.d0d43"]]},{"id":"2f2bd02c.d0d43","type":"function","name":"sort","useRequire":false,"func":"var ob = msg.payload\nvar temp = []\n\nfor(var i = 0 ;i < ob.length;i+=2){\n\ttemp.push(ob[i])\n}\nvar sort_ok = temp.sort()\nvar out = []\nfor(var i = 0;i<sort_ok.length; i++){\n\tout.push(temp[i]);\n\tfor(var j=0;j<ob.length;j+=2){\n\t\tif(ob[j] == temp[i]){\n\t\t\tout.push(parseFloat(ob[j+1]).toFixed(2))\n\t\t}\n\t\t}\n}\nmsg.payload = out\nreturn msg","outputs":1,"x":717.4337272644043,"y":623.4814853668213,"z":"1498b4bf.eb674b","wires":[["4ce6a211.b3195c"]]},{"id":"4ce6a211.b3195c","type":"function","name":"indugr_m14","useRequire":false,"func":"var tmp = []\nvar payload = []\n\nfor(var i=0;i<msg.payload.length;i+=2){\n\t\n \t   \ttmp = msg.payload[i+1]\n    \tvar item = msg.payload[i]\n    \tpayload.push([item,parseFloat(tmp)])\n\n}\n\npayload = {'value':payload}\nmsg.payload = {'MsgID':'adminpush_lineindugr_m14','username':'admin','payload':payload}\nmsg.payload = JSON.stringify(msg.payload);\nreturn msg;","outputs":1,"x":883.2909049987793,"y":623.7671909332275,"z":"1498b4bf.eb674b","wires":[["fbce7e67.04318"]]},{"id":"fbce7e67.04318","type":"redisPub","name":"indugr_m14","host":"127.0.0.1","port":6379,"user":"","passwd":"","channel":"adminpush_lineindugr_m14","x":1114.290843963623,"y":629.1957721710205,"z":"1498b4bf.eb674b","wires":[]},{"id":"9bab23ab.6454e","type":"redis in","hostname":"127.0.0.1","port":6379,"name":"indugr_m15","key":"indugr_m15","structtype":"zset","x":509.1481132507324,"y":677.4814777374268,"z":"1498b4bf.eb674b","wires":[["eac01871.153fe8"]]},{"id":"eac01871.153fe8","type":"function","name":"sort","useRequire":false,"func":"var ob = msg.payload\nvar temp = []\n\nfor(var i = 0 ;i < ob.length;i+=2){\n\ttemp.push(ob[i])\n}\nvar sort_ok = temp.sort()\nvar out = []\nfor(var i = 0;i<sort_ok.length; i++){\n\tout.push(temp[i]);\n\tfor(var j=0;j<ob.length;j+=2){\n\t\tif(ob[j] == temp[i]){\n\t\t\tout.push(parseFloat(ob[j+1]).toFixed(2))\n\t\t}\n\t\t}\n}\nmsg.payload = out\nreturn msg","outputs":1,"x":718.4337272644043,"y":674.4814853668213,"z":"1498b4bf.eb674b","wires":[["8953aa78.76ac58"]]},{"id":"8953aa78.76ac58","type":"function","name":"indugr_m15","useRequire":false,"func":"var tmp = []\nvar payload = []\n\nfor(var i=0;i<msg.payload.length;i+=2){\n\t\n \t   \ttmp = msg.payload[i+1]\n    \tvar item = msg.payload[i]\n    \tpayload.push([item,parseFloat(tmp)])\n\n}\n\npayload = {'value':payload}\nmsg.payload = {'MsgID':'adminpush_lineindugr_m15','username':'admin','payload':payload}\nmsg.payload = JSON.stringify(msg.payload);\nreturn msg;","outputs":1,"x":884.2909049987793,"y":674.7671909332275,"z":"1498b4bf.eb674b","wires":[["f43f7901.0bc088"]]},{"id":"f43f7901.0bc088","type":"redisPub","name":"indugr_m15","host":"127.0.0.1","port":6379,"user":"","passwd":"","channel":"adminpush_lineindugr_m15","x":1115.290843963623,"y":680.1957721710205,"z":"1498b4bf.eb674b","wires":[]},{"id":"52d99192.ad267","type":"redis in","hostname":"127.0.0.1","port":6379,"name":"indugr_m17","key":"indugr_m17","structtype":"zset","x":504.1481132507324,"y":725.4815082550049,"z":"1498b4bf.eb674b","wires":[["32701924.cd8fe6"]]},{"id":"32701924.cd8fe6","type":"function","name":"sort","useRequire":false,"func":"var ob = msg.payload\nvar temp = []\n\nfor(var i = 0 ;i < ob.length;i+=2){\n\ttemp.push(ob[i])\n}\nvar sort_ok = temp.sort()\nvar out = []\nfor(var i = 0;i<sort_ok.length; i++){\n\tout.push(temp[i]);\n\tfor(var j=0;j<ob.length;j+=2){\n\t\tif(ob[j] == temp[i]){\n\t\t\tout.push(parseFloat(ob[j+1]).toFixed(2))\n\t\t}\n\t\t}\n}\nmsg.payload = out\nreturn msg","outputs":1,"x":713.4337272644043,"y":722.4815158843994,"z":"1498b4bf.eb674b","wires":[["62ebe1e2.9d142"]]},{"id":"62ebe1e2.9d142","type":"function","name":"indugr_m17","useRequire":false,"func":"var tmp = []\nvar payload = []\n\nfor(var i=0;i<msg.payload.length;i+=2){\n\t\n \t   \ttmp = msg.payload[i+1]\n    \tvar item = msg.payload[i]\n    \tpayload.push([item,parseFloat(tmp)])\n\n}\n\npayload = {'value':payload}\nmsg.payload = {'MsgID':'adminpush_lineindugr_m17','username':'admin','payload':payload}\nmsg.payload = JSON.stringify(msg.payload);\nreturn msg;","outputs":1,"x":879.2909049987793,"y":722.7672214508057,"z":"1498b4bf.eb674b","wires":[["d0dad3e0.2f253"]]},{"id":"d0dad3e0.2f253","type":"redisPub","name":"indugr_m17","host":"127.0.0.1","port":6379,"user":"","passwd":"","channel":"adminpush_lineindugr_m17","x":1110.290843963623,"y":728.1958026885986,"z":"1498b4bf.eb674b","wires":[]},{"id":"74e2664b.8b1d98","type":"redis in","hostname":"127.0.0.1","port":6379,"name":"indugr_m18","key":"indugr_m18","structtype":"zset","x":505.1481132507324,"y":776.4814777374268,"z":"1498b4bf.eb674b","wires":[["3e919c48.c16e64"]]},{"id":"3e919c48.c16e64","type":"function","name":"sort","useRequire":false,"func":"var ob = msg.payload\nvar temp = []\n\nfor(var i = 0 ;i < ob.length;i+=2){\n\ttemp.push(ob[i])\n}\nvar sort_ok = temp.sort()\nvar out = []\nfor(var i = 0;i<sort_ok.length; i++){\n\tout.push(temp[i]);\n\tfor(var j=0;j<ob.length;j+=2){\n\t\tif(ob[j] == temp[i]){\n\t\t\tout.push(parseFloat(ob[j+1]).toFixed(2))\n\t\t}\n\t\t}\n}\nmsg.payload = out\nreturn msg","outputs":1,"x":714.4337272644043,"y":773.4814853668213,"z":"1498b4bf.eb674b","wires":[["a876d33c.57893"]]},{"id":"a876d33c.57893","type":"function","name":"indugr_m18","useRequire":false,"func":"var tmp = []\nvar payload = []\n\nfor(var i=0;i<msg.payload.length;i+=2){\n\t\n \t   \ttmp = msg.payload[i+1]\n    \tvar item = msg.payload[i]\n    \tpayload.push([item,parseFloat(tmp)])\n\n}\n\npayload = {'value':payload}\nmsg.payload = {'MsgID':'adminpush_lineindugr_m18','username':'admin','payload':payload}\nmsg.payload = JSON.stringify(msg.payload);\nreturn msg;","outputs":1,"x":880.2909049987793,"y":773.7671909332275,"z":"1498b4bf.eb674b","wires":[["b7eabbc4.481548"]]},{"id":"b7eabbc4.481548","type":"redisPub","name":"indugr_m18","host":"127.0.0.1","port":6379,"user":"","passwd":"","channel":"adminpush_lineindugr_m18","x":1111.290843963623,"y":779.1957721710205,"z":"1498b4bf.eb674b","wires":[]},{"id":"30e4ba8c.cf1b46","type":"redis in","hostname":"127.0.0.1","port":6379,"name":"indugr_m110","key":"indugr_m110","structtype":"zset","x":500.1481132507324,"y":824.4815082550049,"z":"1498b4bf.eb674b","wires":[["8c91ad57.736e5"]]},{"id":"8c91ad57.736e5","type":"function","name":"sort","useRequire":false,"func":"var ob = msg.payload\nvar temp = []\n\nfor(var i = 0 ;i < ob.length;i+=2){\n\ttemp.push(ob[i])\n}\nvar sort_ok = temp.sort()\nvar out = []\nfor(var i = 0;i<sort_ok.length; i++){\n\tout.push(temp[i]);\n\tfor(var j=0;j<ob.length;j+=2){\n\t\tif(ob[j] == temp[i]){\n\t\t\tout.push(parseFloat(ob[j+1]).toFixed(2))\n\t\t}\n\t\t}\n}\nmsg.payload = out\nreturn msg","outputs":1,"x":709.4337272644043,"y":821.4815158843994,"z":"1498b4bf.eb674b","wires":[["19c171ea.e63e8e"]]},{"id":"19c171ea.e63e8e","type":"function","name":"indugr_m110","useRequire":false,"func":"var tmp = []\nvar payload = []\n\nfor(var i=0;i<msg.payload.length;i+=2){\n\t\n \t   \ttmp = msg.payload[i+1]\n    \tvar item = msg.payload[i]\n    \tpayload.push([item,parseFloat(tmp)])\n\n}\n\npayload = {'value':payload}\nmsg.payload = {'MsgID':'adminpush_lineindugr_m110','username':'admin','payload':payload}\nmsg.payload = JSON.stringify(msg.payload);\nreturn msg;","outputs":1,"x":875.2909049987793,"y":821.7672214508057,"z":"1498b4bf.eb674b","wires":[["fd9abac2.026548"]]},{"id":"fd9abac2.026548","type":"redisPub","name":"indugr_m110","host":"127.0.0.1","port":6379,"user":"","passwd":"","channel":"adminpush_lineindugr_m110","x":1106.290843963623,"y":827.1958026885986,"z":"1498b4bf.eb674b","wires":[]},{"id":"1b41f9d4.e4be06","type":"redis in","hostname":"127.0.0.1","port":6379,"name":"indugr_m111","key":"indugr_m111","structtype":"zset","x":501.1481132507324,"y":875.4815082550049,"z":"1498b4bf.eb674b","wires":[["c1b3214d.3e4ce"]]},{"id":"c1b3214d.3e4ce","type":"function","name":"sort","useRequire":false,"func":"var ob = msg.payload\nvar temp = []\n\nfor(var i = 0 ;i < ob.length;i+=2){\n\ttemp.push(ob[i])\n}\nvar sort_ok = temp.sort()\nvar out = []\nfor(var i = 0;i<sort_ok.length; i++){\n\tout.push(temp[i]);\n\tfor(var j=0;j<ob.length;j+=2){\n\t\tif(ob[j] == temp[i]){\n\t\t\tout.push(parseFloat(ob[j+1]).toFixed(2))\n\t\t}\n\t\t}\n}\nmsg.payload = out\nreturn msg","outputs":1,"x":710.4337272644043,"y":872.4815158843994,"z":"1498b4bf.eb674b","wires":[["34698583.cb967a"]]},{"id":"34698583.cb967a","type":"function","name":"indugr_m111","useRequire":false,"func":"var tmp = []\nvar payload = []\n\nfor(var i=0;i<msg.payload.length;i+=2){\n\t\n \t   \ttmp = msg.payload[i+1]\n    \tvar item = msg.payload[i]\n    \tpayload.push([item,parseFloat(tmp)])\n\n}\n\npayload = {'value':payload}\nmsg.payload = {'MsgID':'adminpush_lineindugr_m111','username':'admin','payload':payload}\nmsg.payload = JSON.stringify(msg.payload);\nreturn msg;","outputs":1,"x":876.2909049987793,"y":872.7672214508057,"z":"1498b4bf.eb674b","wires":[["70688584.8f977c"]]},{"id":"70688584.8f977c","type":"redisPub","name":"indugr_m111","host":"127.0.0.1","port":6379,"user":"","passwd":"","channel":"adminpush_lineindugr_m111","x":1107.290843963623,"y":878.1958026885986,"z":"1498b4bf.eb674b","wires":[]},{"id":"cb1b4e74.34e4b","type":"redis in","hostname":"127.0.0.1","port":6379,"name":"indugr_q1","key":"indugr_q1","structtype":"zset","x":498.14813232421875,"y":367.9999720156193,"z":"1498b4bf.eb674b","wires":[["c686b8e5.397948"]]},{"id":"c686b8e5.397948","type":"function","name":"sort","useRequire":false,"func":"var ob = msg.payload\nvar temp = []\n\nfor(var i = 0 ;i < ob.length;i+=2){\n\ttemp.push(ob[i])\n}\nvar sort_ok = temp.sort()\nvar out = []\nfor(var i = 0;i<sort_ok.length; i++){\n\tout.push(temp[i]);\n\tfor(var j=0;j<ob.length;j+=2){\n\t\tif(ob[j] == temp[i]){\n\t\t\tout.push(parseFloat(ob[j+1]).toFixed(2))\n\t\t}\n\t\t}\n}\nmsg.payload = out\nreturn msg","outputs":1,"x":707.4337463378906,"y":364.9999796450138,"z":"1498b4bf.eb674b","wires":[["2974d22e.d68b2e"]]},{"id":"2974d22e.d68b2e","type":"function","name":"indugr_q1","useRequire":false,"func":"var tmp = []\nvar payload = []\n\nfor(var i=0;i<msg.payload.length;i+=2){\n\t\n \t   \ttmp = msg.payload[i+1]\n    \tvar item = msg.payload[i]\n    \tpayload.push([item,parseFloat(tmp)])\n\n}\n\npayload = {'value':payload}\nmsg.payload = {'MsgID':'adminpush_lineindugr_q1_v','username':'admin','payload':payload}\nmsg.payload = JSON.stringify(msg.payload);\nreturn msg;","outputs":1,"x":873.2909240722656,"y":365.28568521142006,"z":"1498b4bf.eb674b","wires":[["be767d2a.41898"]]},{"id":"be767d2a.41898","type":"redisPub","name":"indugr_q1","host":"127.0.0.1","port":6379,"user":"","passwd":"","channel":"adminpush_lineindugr_q1","x":1104.2908630371094,"y":370.714266449213,"z":"1498b4bf.eb674b","wires":[]},{"id":"261b6cca.d9e494","type":"redis in","hostname":"127.0.0.1","port":6379,"name":"indugr_q2","key":"indugr_q2","structtype":"zset","x":510.14813232421875,"y":411.9999720156193,"z":"1498b4bf.eb674b","wires":[["f6008575.09ff78"]]},{"id":"f6008575.09ff78","type":"function","name":"sort","useRequire":false,"func":"var ob = msg.payload\nvar temp = []\n\nfor(var i = 0 ;i < ob.length;i+=2){\n\ttemp.push(ob[i])\n}\nvar sort_ok = temp.sort()\nvar out = []\nfor(var i = 0;i<sort_ok.length; i++){\n\tout.push(temp[i]);\n\tfor(var j=0;j<ob.length;j+=2){\n\t\tif(ob[j] == temp[i]){\n\t\t\tout.push(parseFloat(ob[j+1]).toFixed(2))\n\t\t}\n\t\t}\n}\nmsg.payload = out\nreturn msg","outputs":1,"x":719.4337463378906,"y":408.9999796450138,"z":"1498b4bf.eb674b","wires":[["be7bca5b.418438"]]},{"id":"be7bca5b.418438","type":"function","name":"indugr_q2","useRequire":false,"func":"var tmp = []\nvar payload = []\n\nfor(var i=0;i<msg.payload.length;i+=2){\n\t\n \t   \ttmp = msg.payload[i+1]\n    \tvar item = msg.payload[i]\n    \tpayload.push([item,parseFloat(tmp)])\n\n}\n\npayload = {'value':payload}\nmsg.payload = {'MsgID':'adminpush_lineindugr_q2_v','username':'admin','payload':payload}\nmsg.payload = JSON.stringify(msg.payload);\nreturn msg;","outputs":1,"x":885.2909240722656,"y":409.28568521142006,"z":"1498b4bf.eb674b","wires":[["be877a9b.417888"]]},{"id":"be877a9b.417888","type":"redisPub","name":"indugr_q2","host":"127.0.0.1","port":6379,"user":"","passwd":"","channel":"adminpush_lineindugr_q2","x":1116.2908630371094,"y":414.714266449213,"z":"1498b4bf.eb674b","wires":[]},{"id":"fc69ebb9.039618","type":"redis in","hostname":"127.0.0.1","port":6379,"name":"indugr_q3","key":"indugr_q3","structtype":"zset","x":495.14813232421875,"y":462.9999720156193,"z":"1498b4bf.eb674b","wires":[["5f88040a.a077fc"]]},{"id":"5f88040a.a077fc","type":"function","name":"sort","useRequire":false,"func":"var ob = msg.payload\nvar temp = []\n\nfor(var i = 0 ;i < ob.length;i+=2){\n\ttemp.push(ob[i])\n}\nvar sort_ok = temp.sort()\nvar out = []\nfor(var i = 0;i<sort_ok.length; i++){\n\tout.push(temp[i]);\n\tfor(var j=0;j<ob.length;j+=2){\n\t\tif(ob[j] == temp[i]){\n\t\t\tout.push(parseFloat(ob[j+1]).toFixed(2))\n\t\t}\n\t\t}\n}\nmsg.payload = out\nreturn msg","outputs":1,"x":704.4337463378906,"y":459.9999796450138,"z":"1498b4bf.eb674b","wires":[["81e1cd13.7e1e3"]]},{"id":"81e1cd13.7e1e3","type":"function","name":"indugr_q3","useRequire":false,"func":"var tmp = []\nvar payload = []\n\nfor(var i=0;i<msg.payload.length;i+=2){\n\t\n \t   \ttmp = msg.payload[i+1]\n    \tvar item = msg.payload[i]\n    \tpayload.push([item,parseFloat(tmp)])\n\n}\n\npayload = {'value':payload}\nmsg.payload = {'MsgID':'adminpush_lineindugr_q3_v','username':'admin','payload':payload}\nmsg.payload = JSON.stringify(msg.payload);\nreturn msg;","outputs":1,"x":870.2909240722656,"y":460.28568521142006,"z":"1498b4bf.eb674b","wires":[["6ef6cf12.91093"]]},{"id":"6ef6cf12.91093","type":"redisPub","name":"indugr_q3","host":"127.0.0.1","port":6379,"user":"","passwd":"","channel":"adminpush_lineindugr_q3","x":1101.2908630371094,"y":465.714266449213,"z":"1498b4bf.eb674b","wires":[]},{"id":"156f8210.ea907e","type":"redis in","hostname":"127.0.0.1","port":6379,"name":"indugr_q4","key":"indugr_q4","structtype":"zset","x":507.14813232421875,"y":506.9999720156193,"z":"1498b4bf.eb674b","wires":[["ae39cd5f.51c63"]]},{"id":"ae39cd5f.51c63","type":"function","name":"sort","useRequire":false,"func":"var ob = msg.payload\nvar temp = []\n\nfor(var i = 0 ;i < ob.length;i+=2){\n\ttemp.push(ob[i])\n}\nvar sort_ok = temp.sort()\nvar out = []\nfor(var i = 0;i<sort_ok.length; i++){\n\tout.push(temp[i]);\n\tfor(var j=0;j<ob.length;j+=2){\n\t\tif(ob[j] == temp[i]){\n\t\t\tout.push(parseFloat(ob[j+1]).toFixed(2))\n\t\t}\n\t\t}\n}\nmsg.payload = out\nreturn msg","outputs":1,"x":716.4337463378906,"y":503.9999796450138,"z":"1498b4bf.eb674b","wires":[["7863f555.879c0c"]]},{"id":"7863f555.879c0c","type":"function","name":"indugr_q4","useRequire":false,"func":"var tmp = []\nvar payload = []\n\nfor(var i=0;i<msg.payload.length;i+=2){\n\t\n \t   \ttmp = msg.payload[i+1]\n    \tvar item = msg.payload[i]\n    \tpayload.push([item,parseFloat(tmp)])\n\n}\n\npayload = {'value':payload}\nmsg.payload = {'MsgID':'adminpush_lineindugr_q4_v','username':'admin','payload':payload}\nmsg.payload = JSON.stringify(msg.payload);\nreturn msg;","outputs":1,"x":882.2909240722656,"y":504.28568521142006,"z":"1498b4bf.eb674b","wires":[["fc78e3b6.03872"]]},{"id":"fc78e3b6.03872","type":"redisPub","name":"indugr_q4","host":"127.0.0.1","port":6379,"user":"","passwd":"","channel":"adminpush_lineindugr_q4","x":1113.2908630371094,"y":509.714266449213,"z":"1498b4bf.eb674b","wires":[]},{"id":"6cae500a.9351b","type":"redis in","hostname":"127.0.0.1","port":6379,"name":"indugr_m12","key":"indugr_m12","structtype":"zset","x":509.8147888183594,"y":574.8147583007812,"z":"1498b4bf.eb674b","wires":[["8c39f48e.73c608"]]},{"id":"8c39f48e.73c608","type":"function","name":"sort","useRequire":false,"func":"var ob = msg.payload\nvar temp = []\n\nfor(var i = 0 ;i < ob.length;i+=2){\n\ttemp.push(ob[i])\n}\nvar sort_ok = temp.sort()\nvar out = []\nfor(var i = 0;i<sort_ok.length; i++){\n\tout.push(temp[i]);\n\tfor(var j=0;j<ob.length;j+=2){\n\t\tif(ob[j] == temp[i]){\n\t\t\tout.push(parseFloat(ob[j+1]).toFixed(2))\n\t\t}\n\t\t}\n}\nmsg.payload = out\nreturn msg","outputs":1,"x":719.1004028320312,"y":571.8147659301758,"z":"1498b4bf.eb674b","wires":[["f4645b64.0b9ba8"]]},{"id":"f4645b64.0b9ba8","type":"function","name":"indugr_m12","useRequire":false,"func":"var tmp = []\nvar payload = []\n\nfor(var i=0;i<msg.payload.length;i+=2){\n\t\n \t   \ttmp = msg.payload[i+1]\n    \tvar item = msg.payload[i]\n    \tpayload.push([item,parseFloat(tmp)])\n\n}\n\npayload = {'value':payload}\nmsg.payload = {'MsgID':'adminpush_lineindugr_m12','username':'admin','payload':payload}\nmsg.payload = JSON.stringify(msg.payload);\nreturn msg;","outputs":1,"x":884.9575805664062,"y":572.100471496582,"z":"1498b4bf.eb674b","wires":[["818b45f8.7e74b8"]]},{"id":"818b45f8.7e74b8","type":"redisPub","name":"indugr_m12","host":"127.0.0.1","port":6379,"user":"","passwd":"","channel":"adminpush_lineindugr_m12","x":1115.95751953125,"y":577.529052734375,"z":"1498b4bf.eb674b","wires":[]},{"id":"eef66646.110998","type":"inject","name":"","topic":"","payload":"","payloadType":"date","repeat":"1","crontab":"","once":false,"x":251.4814758300781,"y":464.8148091634114,"z":"1498b4bf.eb674b","wires":[["5b20c88.fa4df38","c69ffe88.396","d8045c32.27fba","dda70ad9.2258f8","cb1b4e74.34e4b","261b6cca.d9e494","fc69ebb9.039618","156f8210.ea907e","6cae500a.9351b","fff9e2f3.00062","9bab23ab.6454e","52d99192.ad267","74e2664b.8b1d98","30e4ba8c.cf1b46","1b41f9d4.e4be06"]]}]