[{"id":"f0409b0c.0fbf68","type":"redis in","hostname":"127.0.0.1","port":6379,"name":"indusr_q1","key":"indusr_q1","structtype":"zset","x":469.9999542236328,"y":162.9999828338623,"z":"86027a40.79fd88","wires":[["d7649df7.289b6"]]},{"id":"d7649df7.289b6","type":"function","name":"sort","useRequire":false,"func":"var ob = msg.payload\nvar temp = []\n\nfor(var i = 0 ;i < ob.length;i+=2){\n\ttemp.push(ob[i])\n}\nvar sort_ok = temp.sort()\nvar out = []\nfor(var i = 0;i<sort_ok.length; i++){\n\tout.push(temp[i]);\n\tfor(var j=0;j<ob.length;j+=2){\n\t\tif(ob[j] == temp[i]){\n\t\t\tout.push(parseFloat(ob[j+1]).toFixed(2))\n\t\t}\n\t\t}\n}\nmsg.payload = out\nreturn msg","outputs":1,"x":679.2855682373047,"y":159.99999046325684,"z":"86027a40.79fd88","wires":[["271011c5.d8efee"]]},{"id":"271011c5.d8efee","type":"function","name":"indusr_q1","useRequire":false,"func":"var tmp = []\nvar payload = []\n\nfor(var i=0;i<msg.payload.length;i+=2){\n\t\n \t   \ttmp = msg.payload[i+1]\n    \tvar item = msg.payload[i]\n    \tpayload.push([item,parseFloat(tmp)])\n\n}\n\npayload = {'value':payload}\nmsg.payload = {'MsgID':'adminpush_lineindusr_qq1','username':'admin','payload':payload}\nmsg.payload = JSON.stringify(msg.payload);\nreturn msg;","outputs":1,"x":845.1427459716797,"y":160.2856960296631,"z":"86027a40.79fd88","wires":[["642272e9.9bdd8c"]]},{"id":"642272e9.9bdd8c","type":"redisPub","name":"indusr_q1","host":"127.0.0.1","port":6379,"user":"","passwd":"","channel":"adminpush_lineindusr_qq1","x":1076.1426849365234,"y":165.71427726745605,"z":"86027a40.79fd88","wires":[]},{"id":"5d5b3b97.a2a4c4","type":"redis in","hostname":"127.0.0.1","port":6379,"name":"indusr_q2","key":"indusr_q2","structtype":"zset","x":481.9999542236328,"y":206.9999828338623,"z":"86027a40.79fd88","wires":[["f44b9c63.0bb46"]]},{"id":"f10309c6.0efcf8","type":"function","name":"indusr_q2","useRequire":false,"func":"var tmp = []\nvar payload = []\n\nfor(var i=0;i<msg.payload.length;i+=2){\n\t\n \t   \ttmp = msg.payload[i+1]\n    \tvar item = msg.payload[i]\n    \tpayload.push([item,parseFloat(tmp)])\n\n}\n\npayload = {'value':payload}\nmsg.payload = {'MsgID':'adminpush_lineindusr_q2','username':'admin','payload':payload}\nmsg.payload = JSON.stringify(msg.payload);\nreturn msg;","outputs":1,"x":857.1427459716797,"y":204.2856960296631,"z":"86027a40.79fd88","wires":[["689ebd75.976144"]]},{"id":"689ebd75.976144","type":"redisPub","name":"indusr_q2","host":"127.0.0.1","port":6379,"user":"","passwd":"","channel":"adminpush_lineindusr_q2","x":1088.1426849365234,"y":209.71427726745605,"z":"86027a40.79fd88","wires":[]},{"id":"6a328a80.95cd74","type":"redis in","hostname":"127.0.0.1","port":6379,"name":"indusr_q3","key":"indusr_q3","structtype":"zset","x":466.9999542236328,"y":257.9999828338623,"z":"86027a40.79fd88","wires":[["6a44395f.95bbc8"]]},{"id":"6a44395f.95bbc8","type":"function","name":"sort","useRequire":false,"func":"var ob = msg.payload\nvar temp = []\n\nfor(var i = 0 ;i < ob.length;i+=2){\n\ttemp.push(ob[i])\n}\nvar sort_ok = temp.sort()\nvar out = []\nfor(var i = 0;i<sort_ok.length; i++){\n\tout.push(temp[i]);\n\tfor(var j=0;j<ob.length;j+=2){\n\t\tif(ob[j] == temp[i]){\n\t\t\tout.push(parseFloat(ob[j+1]).toFixed(2))\n\t\t}\n\t\t}\n}\nmsg.payload = out\nreturn msg","outputs":1,"x":676.2855682373047,"y":254.99999046325684,"z":"86027a40.79fd88","wires":[["5e6f4618.a190b8"]]},{"id":"5e6f4618.a190b8","type":"function","name":"indusr_q3","useRequire":false,"func":"var tmp = []\nvar payload = []\n\nfor(var i=0;i<msg.payload.length;i+=2){\n\t\n \t   \ttmp = msg.payload[i+1]\n    \tvar item = msg.payload[i]\n    \tpayload.push([item,parseFloat(tmp)])\n\n}\n\npayload = {'value':payload}\nmsg.payload = {'MsgID':'adminpush_lineindusr_q3','username':'admin','payload':payload}\nmsg.payload = JSON.stringify(msg.payload);\nreturn msg;","outputs":1,"x":842.1427459716797,"y":255.2856960296631,"z":"86027a40.79fd88","wires":[["aee6035.f511a"]]},{"id":"aee6035.f511a","type":"redisPub","name":"indusr_q3","host":"127.0.0.1","port":6379,"user":"","passwd":"","channel":"adminpush_lineindusr_q3","x":1073.1426849365234,"y":260.71427726745605,"z":"86027a40.79fd88","wires":[]},{"id":"e03f6d47.1fc09","type":"redis in","hostname":"127.0.0.1","port":6379,"name":"indusr_q4","key":"indusr_q4","structtype":"zset","x":482.33328914642334,"y":325.33331775665283,"z":"86027a40.79fd88","wires":[["9813f864.67ec08"]]},{"id":"9813f864.67ec08","type":"function","name":"sort","useRequire":false,"func":"var ob = msg.payload\nvar temp = []\n\nfor(var i = 0 ;i < ob.length;i+=2){\n\ttemp.push(ob[i])\n}\nvar sort_ok = temp.sort()\nvar out = []\nfor(var i = 0;i<sort_ok.length; i++){\n\tout.push(temp[i]);\n\tfor(var j=0;j<ob.length;j+=2){\n\t\tif(ob[j] == temp[i]){\n\t\t\tout.push(parseFloat(ob[j+1]).toFixed(2))\n\t\t}\n\t\t}\n}\nmsg.payload = out\nreturn msg","outputs":1,"x":688.2855682373047,"y":298.99999046325684,"z":"86027a40.79fd88","wires":[["c7db5ea8.3824a"]]},{"id":"c7db5ea8.3824a","type":"function","name":"indusr_q4","useRequire":false,"func":"var tmp = []\nvar payload = []\n\nfor(var i=0;i<msg.payload.length;i+=2){\n\t\n \t   \ttmp = msg.payload[i+1]\n    \tvar item = msg.payload[i]\n    \tpayload.push([item,parseFloat(tmp)])\n\n}\n\npayload = {'value':payload}\nmsg.payload = {'MsgID':'adminpush_lineindusr_q4','username':'admin','payload':payload}\nmsg.payload = JSON.stringify(msg.payload);\nreturn msg;","outputs":1,"x":854.1427459716797,"y":299.2856960296631,"z":"86027a40.79fd88","wires":[["ebf0df06.140f2"]]},{"id":"ebf0df06.140f2","type":"redisPub","name":"indusr_q4","host":"127.0.0.1","port":6379,"user":"","passwd":"","channel":"adminpush_lineindusr_q4","x":1085.1426849365234,"y":304.71427726745605,"z":"86027a40.79fd88","wires":[]},{"id":"381b0edb.c7e4f2","type":"redis in","hostname":"127.0.0.1","port":6379,"name":"indusr_m14","key":"indusr_m14","structtype":"zset","x":503.3333282470703,"y":432.9999828338623,"z":"86027a40.79fd88","wires":[["be83c5a2.417c38"]]},{"id":"be83c5a2.417c38","type":"function","name":"sort","useRequire":false,"func":"var ob = msg.payload\nvar temp = []\n\nfor(var i = 0 ;i < ob.length;i+=2){\n\ttemp.push(ob[i])\n}\nvar sort_ok = temp.sort()\nvar out = []\nfor(var i = 0;i<sort_ok.length; i++){\n\tout.push(temp[i]);\n\tfor(var j=0;j<ob.length;j+=2){\n\t\tif(ob[j] == temp[i]){\n\t\t\tout.push(parseFloat(ob[j+1]).toFixed(2))\n\t\t}\n\t\t}\n}\nmsg.payload = out\nreturn msg","outputs":1,"x":712.6189422607422,"y":429.99999046325684,"z":"86027a40.79fd88","wires":[["bdb937d3.4246c8"]]},{"id":"bdb937d3.4246c8","type":"function","name":"indusr_m14","useRequire":false,"func":"var tmp = []\nvar payload = []\n\nfor(var i=0;i<msg.payload.length;i+=2){\n\t\n \t   \ttmp = msg.payload[i+1]\n    \tvar item = msg.payload[i]\n    \tpayload.push([item,parseFloat(tmp)])\n\n}\n\npayload = {'value':payload}\nmsg.payload = {'MsgID':'adminpush_lineindusr_m14','username':'admin','payload':payload}\nmsg.payload = JSON.stringify(msg.payload);\nreturn msg;","outputs":1,"x":878.4761199951172,"y":430.2856960296631,"z":"86027a40.79fd88","wires":[["4fe70507.b018fc"]]},{"id":"4fe70507.b018fc","type":"redisPub","name":"indusr_m14","host":"127.0.0.1","port":6379,"user":"","passwd":"","channel":"adminpush_lineindusr_m14","x":1109.476058959961,"y":435.71427726745605,"z":"86027a40.79fd88","wires":[]},{"id":"b3741f5d.4c8be","type":"redis in","hostname":"127.0.0.1","port":6379,"name":"indusr_m15","key":"indusr_m15","structtype":"zset","x":504.3333282470703,"y":483.9999828338623,"z":"86027a40.79fd88","wires":[["e9d32ffb.162cd"]]},{"id":"e9d32ffb.162cd","type":"function","name":"sort","useRequire":false,"func":"var ob = msg.payload\nvar temp = []\n\nfor(var i = 0 ;i < ob.length;i+=2){\n\ttemp.push(ob[i])\n}\nvar sort_ok = temp.sort()\nvar out = []\nfor(var i = 0;i<sort_ok.length; i++){\n\tout.push(temp[i]);\n\tfor(var j=0;j<ob.length;j+=2){\n\t\tif(ob[j] == temp[i]){\n\t\t\tout.push(parseFloat(ob[j+1]).toFixed(2))\n\t\t}\n\t\t}\n}\nmsg.payload = out\nreturn msg","outputs":1,"x":713.6189422607422,"y":480.99999046325684,"z":"86027a40.79fd88","wires":[["5c08efa4.a3f71"]]},{"id":"5c08efa4.a3f71","type":"function","name":"indusr_m15","useRequire":false,"func":"var tmp = []\nvar payload = []\n\nfor(var i=0;i<msg.payload.length;i+=2){\n\t\n \t   \ttmp = msg.payload[i+1]\n    \tvar item = msg.payload[i]\n    \tpayload.push([item,parseFloat(tmp)])\n\n}\n\npayload = {'value':payload}\nmsg.payload = {'MsgID':'adminpush_lineindusr_m15','username':'admin','payload':payload}\nmsg.payload = JSON.stringify(msg.payload);\nreturn msg;","outputs":1,"x":879.4761199951172,"y":481.2856960296631,"z":"86027a40.79fd88","wires":[["fbc4a554.043b58"]]},{"id":"fbc4a554.043b58","type":"redisPub","name":"indusr_m15","host":"127.0.0.1","port":6379,"user":"","passwd":"","channel":"adminpush_lineindusr_m15","x":1110.476058959961,"y":486.71427726745605,"z":"86027a40.79fd88","wires":[]},{"id":"df8996a2.207668","type":"redis in","hostname":"127.0.0.1","port":6379,"name":"indusr_m17","key":"indusr_m17","structtype":"zset","x":499.3333282470703,"y":532.0000133514404,"z":"86027a40.79fd88","wires":[["c82145b5.37deb8"]]},{"id":"c82145b5.37deb8","type":"function","name":"sort","useRequire":false,"func":"var ob = msg.payload\nvar temp = []\n\nfor(var i = 0 ;i < ob.length;i+=2){\n\ttemp.push(ob[i])\n}\nvar sort_ok = temp.sort()\nvar out = []\nfor(var i = 0;i<sort_ok.length; i++){\n\tout.push(temp[i]);\n\tfor(var j=0;j<ob.length;j+=2){\n\t\tif(ob[j] == temp[i]){\n\t\t\tout.push(parseFloat(ob[j+1]).toFixed(2))\n\t\t}\n\t\t}\n}\nmsg.payload = out\nreturn msg","outputs":1,"x":708.6189422607422,"y":529.000020980835,"z":"86027a40.79fd88","wires":[["41adbc36.be5244"]]},{"id":"41adbc36.be5244","type":"function","name":"indusr_m17","useRequire":false,"func":"var tmp = []\nvar payload = []\n\nfor(var i=0;i<msg.payload.length;i+=2){\n\t\n \t   \ttmp = msg.payload[i+1]\n    \tvar item = msg.payload[i]\n    \tpayload.push([item,parseFloat(tmp)])\n\n}\n\npayload = {'value':payload}\nmsg.payload = {'MsgID':'adminpush_lineindusr_m17','username':'admin','payload':payload}\nmsg.payload = JSON.stringify(msg.payload);\nreturn msg;","outputs":1,"x":874.4761199951172,"y":529.2857265472412,"z":"86027a40.79fd88","wires":[["bd65b978.429a48"]]},{"id":"bd65b978.429a48","type":"redisPub","name":"indusr_m17","host":"127.0.0.1","port":6379,"user":"","passwd":"","channel":"adminpush_lineindusr_m17","x":1105.476058959961,"y":534.7143077850342,"z":"86027a40.79fd88","wires":[]},{"id":"1177fc63.ee8804","type":"redis in","hostname":"127.0.0.1","port":6379,"name":"indusr_m18","key":"indusr_m18","structtype":"zset","x":500.3333282470703,"y":582.9999828338623,"z":"86027a40.79fd88","wires":[["3f3d9d3a.c0c262"]]},{"id":"3f3d9d3a.c0c262","type":"function","name":"sort","useRequire":false,"func":"var ob = msg.payload\nvar temp = []\n\nfor(var i = 0 ;i < ob.length;i+=2){\n\ttemp.push(ob[i])\n}\nvar sort_ok = temp.sort()\nvar out = []\nfor(var i = 0;i<sort_ok.length; i++){\n\tout.push(temp[i]);\n\tfor(var j=0;j<ob.length;j+=2){\n\t\tif(ob[j] == temp[i]){\n\t\t\tout.push(parseFloat(ob[j+1]).toFixed(2))\n\t\t}\n\t\t}\n}\nmsg.payload = out\nreturn msg","outputs":1,"x":709.6189422607422,"y":579.9999904632568,"z":"86027a40.79fd88","wires":[["df04ab29.20fb58"]]},{"id":"df04ab29.20fb58","type":"function","name":"indusr_m18","useRequire":false,"func":"var tmp = []\nvar payload = []\n\nfor(var i=0;i<msg.payload.length;i+=2){\n\t\n \t   \ttmp = msg.payload[i+1]\n    \tvar item = msg.payload[i]\n    \tpayload.push([item,parseFloat(tmp)])\n\n}\n\npayload = {'value':payload}\nmsg.payload = {'MsgID':'adminpush_lineindusr_m18','username':'admin','payload':payload}\nmsg.payload = JSON.stringify(msg.payload);\nreturn msg;","outputs":1,"x":875.4761199951172,"y":580.2856960296631,"z":"86027a40.79fd88","wires":[["fd1d9c82.02e26"]]},{"id":"fd1d9c82.02e26","type":"redisPub","name":"indusr_m18","host":"127.0.0.1","port":6379,"user":"","passwd":"","channel":"adminpush_lineindusr_m18","x":1106.476058959961,"y":585.714277267456,"z":"86027a40.79fd88","wires":[]},{"id":"edd0b1df.122f5","type":"redis in","hostname":"127.0.0.1","port":6379,"name":"indusr_m110","key":"indusr_m110","structtype":"zset","x":495.3333282470703,"y":631.0000133514404,"z":"86027a40.79fd88","wires":[["5502bcc0.aafd44"]]},{"id":"5502bcc0.aafd44","type":"function","name":"sort","useRequire":false,"func":"var ob = msg.payload\nvar temp = []\n\nfor(var i = 0 ;i < ob.length;i+=2){\n\ttemp.push(ob[i])\n}\nvar sort_ok = temp.sort()\nvar out = []\nfor(var i = 0;i<sort_ok.length; i++){\n\tout.push(temp[i]);\n\tfor(var j=0;j<ob.length;j+=2){\n\t\tif(ob[j] == temp[i]){\n\t\t\tout.push(parseFloat(ob[j+1]).toFixed(2))\n\t\t}\n\t\t}\n}\nmsg.payload = out\nreturn msg","outputs":1,"x":704.6189422607422,"y":628.000020980835,"z":"86027a40.79fd88","wires":[["5449cf16.abb63"]]},{"id":"5449cf16.abb63","type":"function","name":"indusr_m110","useRequire":false,"func":"var tmp = []\nvar payload = []\n\nfor(var i=0;i<msg.payload.length;i+=2){\n\t\n \t   \ttmp = msg.payload[i+1]\n    \tvar item = msg.payload[i]\n    \tpayload.push([item,parseFloat(tmp)])\n\n}\n\npayload = {'value':payload}\nmsg.payload = {'MsgID':'adminpush_lineindusr_m110','username':'admin','payload':payload}\nmsg.payload = JSON.stringify(msg.payload);\nreturn msg;","outputs":1,"x":870.4761199951172,"y":628.2857265472412,"z":"86027a40.79fd88","wires":[["44c1ba7f.bb3e44"]]},{"id":"44c1ba7f.bb3e44","type":"redisPub","name":"indusr_m110","host":"127.0.0.1","port":6379,"user":"","passwd":"","channel":"adminpush_lineindusr_m110","x":1101.476058959961,"y":633.7143077850342,"z":"86027a40.79fd88","wires":[]},{"id":"681e62e8.97e19c","type":"redis in","hostname":"127.0.0.1","port":6379,"name":"indusr_m111","key":"indusr_m111","structtype":"zset","x":496.3333282470703,"y":682.0000133514404,"z":"86027a40.79fd88","wires":[["3ce7a5c.fc3185a"]]},{"id":"3ce7a5c.fc3185a","type":"function","name":"sort","useRequire":false,"func":"var ob = msg.payload\nvar temp = []\n\nfor(var i = 0 ;i < ob.length;i+=2){\n\ttemp.push(ob[i])\n}\nvar sort_ok = temp.sort()\nvar out = []\nfor(var i = 0;i<sort_ok.length; i++){\n\tout.push(temp[i]);\n\tfor(var j=0;j<ob.length;j+=2){\n\t\tif(ob[j] == temp[i]){\n\t\t\tout.push(parseFloat(ob[j+1]).toFixed(2))\n\t\t}\n\t\t}\n}\nmsg.payload = out\nreturn msg","outputs":1,"x":705.6189422607422,"y":679.000020980835,"z":"86027a40.79fd88","wires":[["13292787.ecd6d8"]]},{"id":"13292787.ecd6d8","type":"function","name":"indusr_m111","useRequire":false,"func":"var tmp = []\nvar payload = []\n\nfor(var i=0;i<msg.payload.length;i+=2){\n\t\n \t   \ttmp = msg.payload[i+1]\n    \tvar item = msg.payload[i]\n    \tpayload.push([item,parseFloat(tmp)])\n\n}\n\npayload = {'value':payload}\nmsg.payload = {'MsgID':'adminpush_lineindusr_m111','username':'admin','payload':payload}\nmsg.payload = JSON.stringify(msg.payload);\nreturn msg;","outputs":1,"x":871.4761199951172,"y":679.2857265472412,"z":"86027a40.79fd88","wires":[["72aa6b65.8d5594"]]},{"id":"72aa6b65.8d5594","type":"redisPub","name":"indusr_m111","host":"127.0.0.1","port":6379,"user":"","passwd":"","channel":"adminpush_lineindusr_m111","x":1102.476058959961,"y":684.7143077850342,"z":"86027a40.79fd88","wires":[]},{"id":"c651f2b9.39ae1","type":"inject","name":"","topic":"","payload":"","payloadType":"date","repeat":"1","crontab":"","once":false,"x":183.33334350585938,"y":401.3333320617676,"z":"86027a40.79fd88","wires":[["f0409b0c.0fbf68","5d5b3b97.a2a4c4","6a328a80.95cd74","e03f6d47.1fc09","381b0edb.c7e4f2","b3741f5d.4c8be","df8996a2.207668","1177fc63.ee8804","edd0b1df.122f5","681e62e8.97e19c"]]},{"id":"f44b9c63.0bb46","type":"function","name":"sort","useRequire":false,"func":"var ob = msg.payload\nvar temp = []\n\nfor(var i = 0 ;i < ob.length;i+=2){\n\ttemp.push(ob[i])\n}\nvar sort_ok = temp.sort()\nvar out = []\nfor(var i = 0;i<sort_ok.length; i++){\n\tout.push(temp[i]);\n\tfor(var j=0;j<ob.length;j+=2){\n\t\tif(ob[j] == temp[i]){\n\t\t\tout.push(parseFloat(ob[j+1]).toFixed(2))\n\t\t}\n\t\t}\n}\nmsg.payload = out\nreturn msg","outputs":1,"x":699.8147583007812,"y":206.48146057128906,"z":"86027a40.79fd88","wires":[["f10309c6.0efcf8"]]},{"id":"bf395da1.40c6a","type":"inject","name":"at 00:00","topic":"","payload":"","payloadType":"none","repeat":"","crontab":"","once":false,"x":449.8147888183594,"y":833.1481323242188,"z":"86027a40.79fd88","wires":[["bd86467a.4279b8"]]},{"id":"3b34f41.fc4cb0c","type":"redis-voyager","hostname":"127.0.0.1","port":6379,"name":"del redis","x":839.7314109802246,"y":841.23166847229,"z":"86027a40.79fd88","wires":[]},{"id":"bd86467a.4279b8","type":"function","name":"indusr_q2","useRequire":false,"func":"msg.payload = ['del','indusr_q2'];\n\nreturn msg;","outputs":1,"x":625.0648040771484,"y":838.8979015350342,"z":"86027a40.79fd88","wires":[["3b34f41.fc4cb0c"]]}]