[{"id":"e8b887cd.174778","type":"inject","name":"","topic":"","payload":"","payloadType":"date","repeat":"1","crontab":"","once":false,"x":243.52378845214844,"y":305.0952434539795,"z":"a21a37dd.5de5c8","wires":[["7ba82298.8457dc","8dc6003e.723a","575d1ef6.a8a2e","a06cf07d.5f931","8bc9060f.7436f8","1691fa5f.e96e06","2dfd1a30.d202e6","cbbbcc46.34443"]]},{"id":"7ba82298.8457dc","type":"redis in","hostname":"127.0.0.1","port":6379,"name":"q1_peasant_cash_in_v","key":"q1_peasant_cash_in_v","structtype":"zset","x":538.0952377319336,"y":99.52378368377686,"z":"a21a37dd.5de5c8","wires":[["5236fcf3.adc904"]]},{"id":"5236fcf3.adc904","type":"function","name":"sort","useRequire":false,"func":"var ob = msg.payload\nvar temp = []\n\nfor(var i = 0 ;i < ob.length;i+=2){\n\ttemp.push(ob[i])\n}\nvar sort_ok = temp.sort()\nvar out = []\nfor(var i = 0;i<sort_ok.length; i++){\n\tout.push(temp[i]);\n\tfor(var j=0;j<ob.length;j+=2){\n\t\tif(ob[j] == temp[i]){\n\t\t\tout.push(parseFloat(ob[j+1]).toFixed(2))\n\t\t}\n\t\t}\n}\nmsg.payload = out\nreturn msg","outputs":1,"x":742.3808784484863,"y":99.52378845214844,"z":"a21a37dd.5de5c8","wires":[["3939832e.c6c67c"]]},{"id":"3939832e.c6c67c","type":"function","name":"q1_peasant_cash_in_v","useRequire":false,"func":"var tmp = []\nvar payload = []\n\nfor(var i=0;i<msg.payload.length;i+=2){\n\t\n \t   \ttmp = msg.payload[i+1]\n    \tvar item = msg.payload[i]\n    \tpayload.push([item,parseFloat(tmp)])\n\n}\n\npayload = {'value':payload}\nmsg.payload = {'MsgID':'adminpush_columnq1_peasant_cash_in_v','username':'admin','payload':payload}\nmsg.payload = JSON.stringify(msg.payload);\nreturn msg;","outputs":1,"x":945.2380828857422,"y":103.80949592590332,"z":"a21a37dd.5de5c8","wires":[["431c3c8e.bce3c4"]]},{"id":"431c3c8e.bce3c4","type":"redisPub","name":"q1_peasant_cash_in_v","host":"127.0.0.1","port":6379,"user":"","passwd":"","channel":"adminpush_columnq1_peasant_cash_in_v","x":1245.238021850586,"y":95.23807525634766,"z":"a21a37dd.5de5c8","wires":[]},{"id":"8dc6003e.723a","type":"redis in","hostname":"127.0.0.1","port":6379,"name":"q2_peasant_cash_in_v","key":"q2_peasant_cash_in_v","structtype":"zset","x":526.6666870117188,"y":168.09523010253906,"z":"a21a37dd.5de5c8","wires":[["218a1b97.de75e4"]]},{"id":"218a1b97.de75e4","type":"function","name":"sort","useRequire":false,"func":"var ob = msg.payload\nvar temp = []\n\nfor(var i = 0 ;i < ob.length;i+=2){\n\ttemp.push(ob[i])\n}\nvar sort_ok = temp.sort()\nvar out = []\nfor(var i = 0;i<sort_ok.length; i++){\n\tout.push(temp[i]);\n\tfor(var j=0;j<ob.length;j+=2){\n\t\tif(ob[j] == temp[i]){\n\t\t\tout.push(parseFloat(ob[j+1]).toFixed(2))\n\t\t}\n\t\t}\n}\nmsg.payload = out\nreturn msg","outputs":1,"x":730.9523277282715,"y":168.09523487091064,"z":"a21a37dd.5de5c8","wires":[["4c4d4112.b3b2c"]]},{"id":"4c4d4112.b3b2c","type":"function","name":"q2_peasant_cash_in_v","useRequire":false,"func":"var tmp = []\nvar payload = []\n\nfor(var i=0;i<msg.payload.length;i+=2){\n\t\n \t   \ttmp = msg.payload[i+1]\n    \tvar item = msg.payload[i]\n    \tpayload.push([item,parseFloat(tmp)])\n\n}\n\npayload = {'value':payload}\nmsg.payload = {'MsgID':'adminpush_columnq2_peasant_cash_in_v','username':'admin','payload':payload}\nmsg.payload = JSON.stringify(msg.payload);\nreturn msg;","outputs":1,"x":933.8095321655273,"y":172.38094234466553,"z":"a21a37dd.5de5c8","wires":[["e050dff2.1faf2"]]},{"id":"e050dff2.1faf2","type":"redisPub","name":"q2_peasant_cash_in_v","host":"127.0.0.1","port":6379,"user":"","passwd":"","channel":"adminpush_columnq2_peasant_cash_in_v","x":1233.809471130371,"y":163.80952167510986,"z":"a21a37dd.5de5c8","wires":[]},{"id":"575d1ef6.a8a2e","type":"redis in","hostname":"127.0.0.1","port":6379,"name":"q3_peasant_cash_in_v","key":"q3_peasant_cash_in_v","structtype":"zset","x":529.5238037109375,"y":222.38095092773438,"z":"a21a37dd.5de5c8","wires":[["35ac913a.ca536e"]]},{"id":"35ac913a.ca536e","type":"function","name":"sort","useRequire":false,"func":"var ob = msg.payload\nvar temp = []\n\nfor(var i = 0 ;i < ob.length;i+=2){\n\ttemp.push(ob[i])\n}\nvar sort_ok = temp.sort()\nvar out = []\nfor(var i = 0;i<sort_ok.length; i++){\n\tout.push(temp[i]);\n\tfor(var j=0;j<ob.length;j+=2){\n\t\tif(ob[j] == temp[i]){\n\t\t\tout.push(parseFloat(ob[j+1]).toFixed(2))\n\t\t}\n\t\t}\n}\nmsg.payload = out\nreturn msg","outputs":1,"x":733.8094444274902,"y":222.38095569610596,"z":"a21a37dd.5de5c8","wires":[["2ff14241.d00ebe"]]},{"id":"2ff14241.d00ebe","type":"function","name":"q3_peasant_cash_in_v","useRequire":false,"func":"var tmp = []\nvar payload = []\n\nfor(var i=0;i<msg.payload.length;i+=2){\n\t\n \t   \ttmp = msg.payload[i+1]\n    \tvar item = msg.payload[i]\n    \tpayload.push([item,parseFloat(tmp)])\n\n}\n\npayload = {'value':payload}\nmsg.payload = {'MsgID':'adminpush_columnq3_peasant_cash_in_v','username':'admin','payload':payload}\nmsg.payload = JSON.stringify(msg.payload);\nreturn msg;","outputs":1,"x":936.6666488647461,"y":226.66666316986084,"z":"a21a37dd.5de5c8","wires":[["8e520e95.71adf"]]},{"id":"8e520e95.71adf","type":"redisPub","name":"q3_peasant_cash_in_v","host":"127.0.0.1","port":6379,"user":"","passwd":"","channel":"adminpush_columnq3_peasant_cash_in_v","x":1236.6665878295898,"y":218.09524250030518,"z":"a21a37dd.5de5c8","wires":[]},{"id":"a06cf07d.5f931","type":"redis in","hostname":"127.0.0.1","port":6379,"name":"q4_peasant_cash_in_v","key":"q4_peasant_cash_in_v","structtype":"zset","x":538.09521484375,"y":273.8095397949219,"z":"a21a37dd.5de5c8","wires":[["9d8ffb7e.627008"]]},{"id":"9d8ffb7e.627008","type":"function","name":"sort","useRequire":false,"func":"var ob = msg.payload\nvar temp = []\n\nfor(var i = 0 ;i < ob.length;i+=2){\n\ttemp.push(ob[i])\n}\nvar sort_ok = temp.sort()\nvar out = []\nfor(var i = 0;i<sort_ok.length; i++){\n\tout.push(temp[i]);\n\tfor(var j=0;j<ob.length;j+=2){\n\t\tif(ob[j] == temp[i]){\n\t\t\tout.push(parseFloat(ob[j+1]).toFixed(2))\n\t\t}\n\t\t}\n}\nmsg.payload = out\nreturn msg","outputs":1,"x":742.3808555603027,"y":273.80954456329346,"z":"a21a37dd.5de5c8","wires":[["f9948e56.066b7"]]},{"id":"f9948e56.066b7","type":"function","name":"q4_peasant_cash_in_v","useRequire":false,"func":"var tmp = []\nvar payload = []\n\nfor(var i=0;i<msg.payload.length;i+=2){\n\t\n \t   \ttmp = msg.payload[i+1]\n    \tvar item = msg.payload[i]\n    \tpayload.push([item,parseFloat(tmp)])\n\n}\n\npayload = {'value':payload}\nmsg.payload = {'MsgID':'adminpush_columnq4_peasant_cash_in_v','username':'admin','payload':payload}\nmsg.payload = JSON.stringify(msg.payload);\nreturn msg;","outputs":1,"x":945.2380599975586,"y":278.09525203704834,"z":"a21a37dd.5de5c8","wires":[["e0f04f24.1f0fb"]]},{"id":"e0f04f24.1f0fb","type":"redisPub","name":"q4_peasant_cash_in_v","host":"127.0.0.1","port":6379,"user":"","passwd":"","channel":"adminpush_columnq4_peasant_cash_in_v","x":1245.2379989624023,"y":269.5238313674927,"z":"a21a37dd.5de5c8","wires":[]},{"id":"8bc9060f.7436f8","type":"redis in","hostname":"127.0.0.1","port":6379,"name":"q1_peasant_cash_in_r","key":"q1_peasant_cash_in_r","structtype":"zset","x":520.952392578125,"y":393.8095397949219,"z":"a21a37dd.5de5c8","wires":[["444018cc.bbbfe8"]]},{"id":"444018cc.bbbfe8","type":"function","name":"sort","useRequire":false,"func":"var ob = msg.payload\nvar temp = []\n\nfor(var i = 0 ;i < ob.length;i+=2){\n\ttemp.push(ob[i])\n}\nvar sort_ok = temp.sort()\nvar out = []\nfor(var i = 0;i<sort_ok.length; i++){\n\tout.push(temp[i]);\n\tfor(var j=0;j<ob.length;j+=2){\n\t\tif(ob[j] == temp[i]){\n\t\t\tout.push(parseFloat(ob[j+1]).toFixed(2))\n\t\t}\n\t\t}\n}\nmsg.payload = out\nreturn msg","outputs":1,"x":725.2380332946777,"y":393.80954456329346,"z":"a21a37dd.5de5c8","wires":[["f9f5ef17.060a1"]]},{"id":"f9f5ef17.060a1","type":"function","name":"q1_peasant_cash_in_r","useRequire":false,"func":"var tmp = []\nvar payload = []\n\nfor(var i=0;i<msg.payload.length;i+=2){\n\t\n \t   \ttmp = msg.payload[i+1]\n    \tvar item = msg.payload[i]\n    \tpayload.push([item,parseFloat(tmp)])\n\n}\n\npayload = {'value':payload}\nmsg.payload = {'MsgID':'adminpush_lineq1_peasant_cash_in_r','username':'admin','payload':payload}\nmsg.payload = JSON.stringify(msg.payload);\nreturn msg;","outputs":1,"x":928.0952377319336,"y":398.09525203704834,"z":"a21a37dd.5de5c8","wires":[["780c0e6b.87f3f"]]},{"id":"780c0e6b.87f3f","type":"redisPub","name":"q1_peasant_cash_in_r","host":"127.0.0.1","port":6379,"user":"","passwd":"","channel":"adminpush_lineq1_peasant_cash_in_r","x":1228.0951766967773,"y":389.5238313674927,"z":"a21a37dd.5de5c8","wires":[]},{"id":"2dfd1a30.d202e6","type":"redis in","hostname":"127.0.0.1","port":6379,"name":"q2_peasant_cash_in_r","key":"q2_peasant_cash_in_r","structtype":"zset","x":525.2380981445312,"y":442.3809509277344,"z":"a21a37dd.5de5c8","wires":[["2a782d14.d587d2"]]},{"id":"2a782d14.d587d2","type":"function","name":"sort","useRequire":false,"func":"var ob = msg.payload\nvar temp = []\n\nfor(var i = 0 ;i < ob.length;i+=2){\n\ttemp.push(ob[i])\n}\nvar sort_ok = temp.sort()\nvar out = []\nfor(var i = 0;i<sort_ok.length; i++){\n\tout.push(temp[i]);\n\tfor(var j=0;j<ob.length;j+=2){\n\t\tif(ob[j] == temp[i]){\n\t\t\tout.push(parseFloat(ob[j+1]).toFixed(2))\n\t\t}\n\t\t}\n}\nmsg.payload = out\nreturn msg","outputs":1,"x":729.523738861084,"y":442.38095569610596,"z":"a21a37dd.5de5c8","wires":[["1c37cbfa.e3c834"]]},{"id":"1c37cbfa.e3c834","type":"function","name":"q2_peasant_cash_in_r","useRequire":false,"func":"var tmp = []\nvar payload = []\n\nfor(var i=0;i<msg.payload.length;i+=2){\n\t\n \t   \ttmp = msg.payload[i+1]\n    \tvar item = msg.payload[i]\n    \tpayload.push([item,parseFloat(tmp)])\n\n}\n\npayload = {'value':payload}\nmsg.payload = {'MsgID':'adminpush_lineq2_peasant_cash_in_r','username':'admin','payload':payload}\nmsg.payload = JSON.stringify(msg.payload);\nreturn msg;","outputs":1,"x":932.3809432983398,"y":446.66666316986084,"z":"a21a37dd.5de5c8","wires":[["355162f7.caae9e"]]},{"id":"355162f7.caae9e","type":"redisPub","name":"q2_peasant_cash_in_r","host":"127.0.0.1","port":6379,"user":"","passwd":"","channel":"adminpush_lineq2_peasant_cash_in_r","x":1232.3808822631836,"y":438.0952425003052,"z":"a21a37dd.5de5c8","wires":[]},{"id":"1691fa5f.e96e06","type":"redis in","hostname":"127.0.0.1","port":6379,"name":"q3_peasant_cash_in_r","key":"q3_peasant_cash_in_r","structtype":"zset","x":543.8095092773438,"y":510.952392578125,"z":"a21a37dd.5de5c8","wires":[["66f958ca.9906a8"]]},{"id":"66f958ca.9906a8","type":"function","name":"sort","useRequire":false,"func":"var ob = msg.payload\nvar temp = []\n\nfor(var i = 0 ;i < ob.length;i+=2){\n\ttemp.push(ob[i])\n}\nvar sort_ok = temp.sort()\nvar out = []\nfor(var i = 0;i<sort_ok.length; i++){\n\tout.push(temp[i]);\n\tfor(var j=0;j<ob.length;j+=2){\n\t\tif(ob[j] == temp[i]){\n\t\t\tout.push(parseFloat(ob[j+1]).toFixed(2))\n\t\t}\n\t\t}\n}\nmsg.payload = out\nreturn msg","outputs":1,"x":748.0951499938965,"y":510.9523973464966,"z":"a21a37dd.5de5c8","wires":[["5b339816.a4cc68"]]},{"id":"5b339816.a4cc68","type":"function","name":"q3_peasant_cash_in_r","useRequire":false,"func":"var tmp = []\nvar payload = []\n\nfor(var i=0;i<msg.payload.length;i+=2){\n\t\n \t   \ttmp = msg.payload[i+1]\n    \tvar item = msg.payload[i]\n    \tpayload.push([item,parseFloat(tmp)])\n\n}\n\npayload = {'value':payload}\nmsg.payload = {'MsgID':'adminpush_lineq3_peasant_cash_in_r','username':'admin','payload':payload}\nmsg.payload = JSON.stringify(msg.payload);\nreturn msg;","outputs":1,"x":950.9523544311523,"y":515.2381048202515,"z":"a21a37dd.5de5c8","wires":[["3e3ef31c.c1c10c"]]},{"id":"3e3ef31c.c1c10c","type":"redisPub","name":"q3_peasant_cash_in_r","host":"127.0.0.1","port":6379,"user":"","passwd":"","channel":"adminpush_lineq3_peasant_cash_in_r","x":1250.952293395996,"y":506.6666841506958,"z":"a21a37dd.5de5c8","wires":[]},{"id":"cbbbcc46.34443","type":"redis in","hostname":"127.0.0.1","port":6379,"name":"q4_peasant_cash_in_r","key":"q4_peasant_cash_in_r","structtype":"zset","x":548.09521484375,"y":559.5238037109375,"z":"a21a37dd.5de5c8","wires":[["bd79b1d9.42865"]]},{"id":"bd79b1d9.42865","type":"function","name":"sort","useRequire":false,"func":"var ob = msg.payload\nvar temp = []\n\nfor(var i = 0 ;i < ob.length;i+=2){\n\ttemp.push(ob[i])\n}\nvar sort_ok = temp.sort()\nvar out = []\nfor(var i = 0;i<sort_ok.length; i++){\n\tout.push(temp[i]);\n\tfor(var j=0;j<ob.length;j+=2){\n\t\tif(ob[j] == temp[i]){\n\t\t\tout.push(parseFloat(ob[j+1]).toFixed(2))\n\t\t}\n\t\t}\n}\nmsg.payload = out\nreturn msg","outputs":1,"x":752.3808555603027,"y":559.5238084793091,"z":"a21a37dd.5de5c8","wires":[["b80a753c.47f588"]]},{"id":"b80a753c.47f588","type":"function","name":"q4_peasant_cash_in_r","useRequire":false,"func":"var tmp = []\nvar payload = []\n\nfor(var i=0;i<msg.payload.length;i+=2){\n\t\n \t   \ttmp = msg.payload[i+1]\n    \tvar item = msg.payload[i]\n    \tpayload.push([item,parseFloat(tmp)])\n\n}\n\npayload = {'value':payload}\nmsg.payload = {'MsgID':'adminpush_lineq4_peasant_cash_in_r','username':'admin','payload':payload}\nmsg.payload = JSON.stringify(msg.payload);\nreturn msg;","outputs":1,"x":955.2380599975586,"y":563.809515953064,"z":"a21a37dd.5de5c8","wires":[["46c39ef.fb93c6"]]},{"id":"46c39ef.fb93c6","type":"redisPub","name":"q4_peasant_cash_in_r","host":"127.0.0.1","port":6379,"user":"","passwd":"","channel":"adminpush_lineq4_peasant_cash_in_r","x":1255.2379989624023,"y":555.2380952835083,"z":"a21a37dd.5de5c8","wires":[]}]