[{"id":"6c7f00e6.9381","type":"inject","name":"","topic":"","payload":"","payloadType":"date","repeat":"1","crontab":"","once":false,"x":174.12699127197266,"y":312.6984329223633,"z":"14b87afb.eb4785","wires":[["5e4503b6.a1bafc","79da0dc.f8625f4","cb53083.f34acf8","9da4d68c.625b28","48b548c.fb74ab8","ad79c18f.52864","cba3f248.345c1","967b1.fff6984f"]]},{"id":"5e4503b6.a1bafc","type":"redis in","hostname":"127.0.0.1","port":6379,"name":"q1_provice_pri_eco_value","key":"q1_provice_pri_eco_value","structtype":"zset","x":491.2698669433594,"y":106.98413181304932,"z":"14b87afb.eb4785","wires":[["7d7fe628.828018"]]},{"id":"7d7fe628.828018","type":"function","name":"sort","useRequire":false,"func":"var ob = msg.payload\nvar temp = []\n\nfor(var i = 0 ;i < ob.length;i+=2){\n\ttemp.push(ob[i])\n}\nvar sort_ok = temp.sort()\nvar out = []\nfor(var i = 0;i<sort_ok.length; i++){\n\tout.push(temp[i]);\n\tfor(var j=0;j<ob.length;j+=2){\n\t\tif(ob[j] == temp[i]){\n\t\t\tout.push(parseFloat(ob[j+1]).toFixed(2))\n\t\t}\n\t\t}\n}\nmsg.payload = out\nreturn msg","outputs":1,"x":695.5555076599121,"y":106.9841365814209,"z":"14b87afb.eb4785","wires":[["c081e87f.3f7e18"]]},{"id":"c081e87f.3f7e18","type":"function","name":"q1_provice_pri_eco_value","useRequire":false,"func":"var tmp = []\nvar payload = []\n\nfor(var i=0;i<msg.payload.length;i+=2){\n\t\n \t   \ttmp = msg.payload[i+1]\n    \tvar item = msg.payload[i]\n    \tpayload.push([item,parseFloat(tmp)])\n\n}\n\npayload = {'value':payload}\nmsg.payload = {'MsgID':'adminpush_columnq1_provice_pri_eco_value','username':'admin','payload':payload}\nmsg.payload = JSON.stringify(msg.payload);\nreturn msg;","outputs":1,"x":898.412712097168,"y":111.26984405517578,"z":"14b87afb.eb4785","wires":[["1ff44deb.e00bb2","ca5fbc71.35a04"]]},{"id":"1ff44deb.e00bb2","type":"redisPub","name":"q1_provice_pri_eco_value","host":"127.0.0.1","port":6379,"user":"","passwd":"","channel":"adminpush_columnq1_provice_pri_eco_value","x":1171.2698440551758,"y":108.41271114349365,"z":"14b87afb.eb4785","wires":[]},{"id":"79da0dc.f8625f4","type":"redis in","hostname":"127.0.0.1","port":6379,"name":"q1_provice_pri_eco_rate","key":"q1_provice_pri_eco_rate","structtype":"zset","x":485.5555648803711,"y":374.1269950866699,"z":"14b87afb.eb4785","wires":[["49eafe2f.b615"]]},{"id":"49eafe2f.b615","type":"function","name":"sort","useRequire":false,"func":"var ob = msg.payload\nvar temp = []\n\nfor(var i = 0 ;i < ob.length;i+=2){\n\ttemp.push(ob[i])\n}\nvar sort_ok = temp.sort()\nvar out = []\nfor(var i = 0;i<sort_ok.length; i++){\n\tout.push(temp[i]);\n\tfor(var j=0;j<ob.length;j+=2){\n\t\tif(ob[j] == temp[i]){\n\t\t\tout.push(parseFloat(ob[j+1]).toFixed(2))\n\t\t}\n\t\t}\n}\nmsg.payload = out\nreturn msg","outputs":1,"x":689.8412055969238,"y":374.1269998550415,"z":"14b87afb.eb4785","wires":[["c0a40c04.3f5bf"]]},{"id":"c0a40c04.3f5bf","type":"function","name":"q1_provice_pri_eco_rate","useRequire":false,"func":"var tmp = []\nvar payload = []\n\nfor(var i=0;i<msg.payload.length;i+=2){\n\t\n \t   \ttmp = msg.payload[i+1]\n    \tvar item = msg.payload[i]\n    \tpayload.push([item,parseFloat(tmp)])\n\n}\n\npayload = {'value':payload}\nmsg.payload = {'MsgID':'adminpush_lineq1_provice_pri_eco_rate','username':'admin','payload':payload}\nmsg.payload = JSON.stringify(msg.payload);\nreturn msg;","outputs":1,"x":892.6984100341797,"y":378.4127073287964,"z":"14b87afb.eb4785","wires":[["b2cdbd07.4d324"]]},{"id":"b2cdbd07.4d324","type":"redisPub","name":"q1_provice_pri_eco_rate","host":"127.0.0.1","port":6379,"user":"","passwd":"","channel":"adminpush_lineq1_provice_pri_eco_rate","x":1165.5555419921875,"y":375.55557441711426,"z":"14b87afb.eb4785","wires":[]},{"id":"cb53083.f34acf8","type":"redis in","hostname":"127.0.0.1","port":6379,"name":"q2_provice_pri_eco_value","key":"q2_provice_pri_eco_value","structtype":"zset","x":504.1269836425781,"y":158.41268920898438,"z":"14b87afb.eb4785","wires":[["455e4c6.fbaa1b4"]]},{"id":"455e4c6.fbaa1b4","type":"function","name":"sort","useRequire":false,"func":"var ob = msg.payload\nvar temp = []\n\nfor(var i = 0 ;i < ob.length;i+=2){\n\ttemp.push(ob[i])\n}\nvar sort_ok = temp.sort()\nvar out = []\nfor(var i = 0;i<sort_ok.length; i++){\n\tout.push(temp[i]);\n\tfor(var j=0;j<ob.length;j+=2){\n\t\tif(ob[j] == temp[i]){\n\t\t\tout.push(parseFloat(ob[j+1]).toFixed(2))\n\t\t}\n\t\t}\n}\nmsg.payload = out\nreturn msg","outputs":1,"x":708.4126243591309,"y":158.41269397735596,"z":"14b87afb.eb4785","wires":[["1e055093.e1faaf"]]},{"id":"1e055093.e1faaf","type":"function","name":"q2_provice_pri_eco_value","useRequire":false,"func":"var tmp = []\nvar payload = []\n\nfor(var i=0;i<msg.payload.length;i+=2){\n\t\n \t   \ttmp = msg.payload[i+1]\n    \tvar item = msg.payload[i]\n    \tpayload.push([item,parseFloat(tmp)])\n\n}\n\npayload = {'value':payload}\nmsg.payload = {'MsgID':'adminpush_columnq2_provice_pri_eco_value','username':'admin','payload':payload}\nmsg.payload = JSON.stringify(msg.payload);\nreturn msg;","outputs":1,"x":911.2698287963867,"y":162.69840145111084,"z":"14b87afb.eb4785","wires":[["45573d58.baa8c4"]]},{"id":"45573d58.baa8c4","type":"redisPub","name":"q2_provice_pri_eco_value","host":"127.0.0.1","port":6379,"user":"","passwd":"","channel":"adminpush_columnq2_provice_pri_eco_value","x":1184.1269607543945,"y":159.8412685394287,"z":"14b87afb.eb4785","wires":[]},{"id":"9da4d68c.625b28","type":"redis in","hostname":"127.0.0.1","port":6379,"name":"q3_provice_pri_eco_value","key":"q3_provice_pri_eco_value","structtype":"zset","x":499.8412780761719,"y":222.6984100341797,"z":"14b87afb.eb4785","wires":[["a78be206.58742"]]},{"id":"a78be206.58742","type":"function","name":"sort","useRequire":false,"func":"var ob = msg.payload\nvar temp = []\n\nfor(var i = 0 ;i < ob.length;i+=2){\n\ttemp.push(ob[i])\n}\nvar sort_ok = temp.sort()\nvar out = []\nfor(var i = 0;i<sort_ok.length; i++){\n\tout.push(temp[i]);\n\tfor(var j=0;j<ob.length;j+=2){\n\t\tif(ob[j] == temp[i]){\n\t\t\tout.push(parseFloat(ob[j+1]).toFixed(2))\n\t\t}\n\t\t}\n}\nmsg.payload = out\nreturn msg","outputs":1,"x":704.1269187927246,"y":222.69841480255127,"z":"14b87afb.eb4785","wires":[["2b188d7c.d4e772"]]},{"id":"2b188d7c.d4e772","type":"function","name":"q3_provice_pri_eco_value","useRequire":false,"func":"var tmp = []\nvar payload = []\n\nfor(var i=0;i<msg.payload.length;i+=2){\n\t\n \t   \ttmp = msg.payload[i+1]\n    \tvar item = msg.payload[i]\n    \tpayload.push([item,parseFloat(tmp)])\n\n}\n\npayload = {'value':payload}\nmsg.payload = {'MsgID':'adminpush_columnq3_provice_pri_eco_value','username':'admin','payload':payload}\nmsg.payload = JSON.stringify(msg.payload);\nreturn msg;","outputs":1,"x":906.9841232299805,"y":226.98412227630615,"z":"14b87afb.eb4785","wires":[["4268475c.bd97b8"]]},{"id":"4268475c.bd97b8","type":"redisPub","name":"q3_provice_pri_eco_value","host":"127.0.0.1","port":6379,"user":"","passwd":"","channel":"adminpush_columnq3_provice_pri_eco_value","x":1179.8412551879883,"y":224.12698936462402,"z":"14b87afb.eb4785","wires":[]},{"id":"48b548c.fb74ab8","type":"redis in","hostname":"127.0.0.1","port":6379,"name":"q4_provice_pri_eco_value","key":"q4_provice_pri_eco_value","structtype":"zset","x":512.6983947753906,"y":274.12696743011475,"z":"14b87afb.eb4785","wires":[["7ff95ad.f8006a4"]]},{"id":"7ff95ad.f8006a4","type":"function","name":"sort","useRequire":false,"func":"var ob = msg.payload\nvar temp = []\n\nfor(var i = 0 ;i < ob.length;i+=2){\n\ttemp.push(ob[i])\n}\nvar sort_ok = temp.sort()\nvar out = []\nfor(var i = 0;i<sort_ok.length; i++){\n\tout.push(temp[i]);\n\tfor(var j=0;j<ob.length;j+=2){\n\t\tif(ob[j] == temp[i]){\n\t\t\tout.push(parseFloat(ob[j+1]).toFixed(2))\n\t\t}\n\t\t}\n}\nmsg.payload = out\nreturn msg","outputs":1,"x":716.9840354919434,"y":274.1269721984863,"z":"14b87afb.eb4785","wires":[["2ad2e3a6.d52d1c"]]},{"id":"2ad2e3a6.d52d1c","type":"function","name":"q4_provice_pri_eco_value","useRequire":false,"func":"var tmp = []\nvar payload = []\n\nfor(var i=0;i<msg.payload.length;i+=2){\n\t\n \t   \ttmp = msg.payload[i+1]\n    \tvar item = msg.payload[i]\n    \tpayload.push([item,parseFloat(tmp)])\n\n}\n\npayload = {'value':payload}\nmsg.payload = {'MsgID':'adminpush_columnq4_provice_pri_eco_value','username':'admin','payload':payload}\nmsg.payload = JSON.stringify(msg.payload);\nreturn msg;","outputs":1,"x":919.8412399291992,"y":278.4126796722412,"z":"14b87afb.eb4785","wires":[["d46f1384.2b90f"]]},{"id":"d46f1384.2b90f","type":"redisPub","name":"q4_provice_pri_eco_value","host":"127.0.0.1","port":6379,"user":"","passwd":"","channel":"adminpush_columnq4_provice_pri_eco_value","x":1192.698371887207,"y":275.5555467605591,"z":"14b87afb.eb4785","wires":[]},{"id":"ad79c18f.52864","type":"redis in","hostname":"127.0.0.1","port":6379,"name":"q2_provice_pri_eco_rate","key":"q2_provice_pri_eco_rate","structtype":"zset","x":474.1269836425781,"y":424.1269836425781,"z":"14b87afb.eb4785","wires":[["da6fdea9.25902"]]},{"id":"da6fdea9.25902","type":"function","name":"sort","useRequire":false,"func":"var ob = msg.payload\nvar temp = []\n\nfor(var i = 0 ;i < ob.length;i+=2){\n\ttemp.push(ob[i])\n}\nvar sort_ok = temp.sort()\nvar out = []\nfor(var i = 0;i<sort_ok.length; i++){\n\tout.push(temp[i]);\n\tfor(var j=0;j<ob.length;j+=2){\n\t\tif(ob[j] == temp[i]){\n\t\t\tout.push(parseFloat(ob[j+1]).toFixed(2))\n\t\t}\n\t\t}\n}\nmsg.payload = out\nreturn msg","outputs":1,"x":678.4126243591309,"y":424.1269884109497,"z":"14b87afb.eb4785","wires":[["656bd080.9a943"]]},{"id":"656bd080.9a943","type":"function","name":"q2_provice_pri_eco_rate","useRequire":false,"func":"var tmp = []\nvar payload = []\n\nfor(var i=0;i<msg.payload.length;i+=2){\n\t\n \t   \ttmp = msg.payload[i+1]\n    \tvar item = msg.payload[i]\n    \tpayload.push([item,parseFloat(tmp)])\n\n}\n\npayload = {'value':payload}\nmsg.payload = {'MsgID':'adminpush_lineq2_provice_pri_eco_rate','username':'admin','payload':payload}\nmsg.payload = JSON.stringify(msg.payload);\nreturn msg;","outputs":1,"x":881.2698287963867,"y":428.4126958847046,"z":"14b87afb.eb4785","wires":[["1212021a.ededfe"]]},{"id":"1212021a.ededfe","type":"redisPub","name":"q2_provice_pri_eco_rate","host":"127.0.0.1","port":6379,"user":"","passwd":"","channel":"adminpush_lineq2_provice_pri_eco_rate","x":1154.1269607543945,"y":425.55556297302246,"z":"14b87afb.eb4785","wires":[]},{"id":"cba3f248.345c1","type":"redis in","hostname":"127.0.0.1","port":6379,"name":"q3_provice_pri_eco_rate","key":"q3_provice_pri_eco_rate","structtype":"zset","x":472.69842529296875,"y":495.5555725097656,"z":"14b87afb.eb4785","wires":[["1702e0b7.e8fd1f"]]},{"id":"1702e0b7.e8fd1f","type":"function","name":"sort","useRequire":false,"func":"var ob = msg.payload\nvar temp = []\n\nfor(var i = 0 ;i < ob.length;i+=2){\n\ttemp.push(ob[i])\n}\nvar sort_ok = temp.sort()\nvar out = []\nfor(var i = 0;i<sort_ok.length; i++){\n\tout.push(temp[i]);\n\tfor(var j=0;j<ob.length;j+=2){\n\t\tif(ob[j] == temp[i]){\n\t\t\tout.push(parseFloat(ob[j+1]).toFixed(2))\n\t\t}\n\t\t}\n}\nmsg.payload = out\nreturn msg","outputs":1,"x":676.9840660095215,"y":495.5555772781372,"z":"14b87afb.eb4785","wires":[["a6e2a3ba.591d6"]]},{"id":"a6e2a3ba.591d6","type":"function","name":"q3_provice_pri_eco_rate","useRequire":false,"func":"var tmp = []\nvar payload = []\n\nfor(var i=0;i<msg.payload.length;i+=2){\n\t\n \t   \ttmp = msg.payload[i+1]\n    \tvar item = msg.payload[i]\n    \tpayload.push([item,parseFloat(tmp)])\n\n}\n\npayload = {'value':payload}\nmsg.payload = {'MsgID':'adminpush_lineq3_provice_pri_eco_rate','username':'admin','payload':payload}\nmsg.payload = JSON.stringify(msg.payload);\nreturn msg;","outputs":1,"x":879.8412704467773,"y":499.8412847518921,"z":"14b87afb.eb4785","wires":[["8770460d.788fb8"]]},{"id":"8770460d.788fb8","type":"redisPub","name":"q3_provice_pri_eco_rate","host":"127.0.0.1","port":6379,"user":"","passwd":"","channel":"adminpush_lineq3_provice_pri_eco_rate","x":1152.6984024047852,"y":496.98415184020996,"z":"14b87afb.eb4785","wires":[]},{"id":"967b1.fff6984f","type":"redis in","hostname":"127.0.0.1","port":6379,"name":"q4_provice_pri_eco_rate","key":"q4_provice_pri_eco_rate","structtype":"zset","x":461.2698440551758,"y":545.5555610656738,"z":"14b87afb.eb4785","wires":[["9f213f1d.60dec"]]},{"id":"9f213f1d.60dec","type":"function","name":"sort","useRequire":false,"func":"var ob = msg.payload\nvar temp = []\n\nfor(var i = 0 ;i < ob.length;i+=2){\n\ttemp.push(ob[i])\n}\nvar sort_ok = temp.sort()\nvar out = []\nfor(var i = 0;i<sort_ok.length; i++){\n\tout.push(temp[i]);\n\tfor(var j=0;j<ob.length;j+=2){\n\t\tif(ob[j] == temp[i]){\n\t\t\tout.push(parseFloat(ob[j+1]).toFixed(2))\n\t\t}\n\t\t}\n}\nmsg.payload = out\nreturn msg","outputs":1,"x":665.5554847717285,"y":545.5555658340454,"z":"14b87afb.eb4785","wires":[["66306d63.99cf94"]]},{"id":"66306d63.99cf94","type":"function","name":"q4_provice_pri_eco_rate","useRequire":false,"func":"var tmp = []\nvar payload = []\n\nfor(var i=0;i<msg.payload.length;i+=2){\n\t\n \t   \ttmp = msg.payload[i+1]\n    \tvar item = msg.payload[i]\n    \tpayload.push([item,parseFloat(tmp)])\n\n}\n\npayload = {'value':payload}\nmsg.payload = {'MsgID':'adminpush_lineq4_provice_pri_eco_rate','username':'admin','payload':payload}\nmsg.payload = JSON.stringify(msg.payload);\nreturn msg;","outputs":1,"x":868.4126892089844,"y":549.8412733078003,"z":"14b87afb.eb4785","wires":[["3467b135.cb984e"]]},{"id":"3467b135.cb984e","type":"redisPub","name":"q4_provice_pri_eco_rate","host":"127.0.0.1","port":6379,"user":"","passwd":"","channel":"adminpush_lineq4_provice_pri_eco_rate","x":1141.2698211669922,"y":546.9841403961182,"z":"14b87afb.eb4785","wires":[]},{"id":"ca5fbc71.35a04","type":"debug","name":"","active":false,"console":"false","complete":"false","x":1118.4126205444336,"y":20,"z":"14b87afb.eb4785","wires":[]}]