[{"id":"7b4ebb81.84b144","type":"inject","name":"","topic":"","payload":"","payloadType":"date","repeat":"1","crontab":"","once":false,"x":119.84127044677734,"y":324.1269721984863,"z":"d64314ae.29bce8","wires":[["8a768393.75898","1baa40b2.e455bf","54c1e9eb.ab3e18","ea4cb077.15b35","95b8580f.6a47a8","84fdb872.7b0248","345c4aa6.cba3b6","19ce0ff8.e631f"]]},{"id":"8a768393.75898","type":"redis in","hostname":"127.0.0.1","port":6379,"name":"quarter1_provice_gdp_value","key":"quarter1_provice_gdp_value","structtype":"zset","x":391.2698745727539,"y":76.98412036895752,"z":"d64314ae.29bce8","wires":[["22d749c9.dd28b6"]]},{"id":"e4a01110.1b5ff","type":"debug","name":"","active":false,"console":"false","complete":"false","x":1378.412727355957,"y":145.71427726745605,"z":"d64314ae.29bce8","wires":[]},{"id":"22d749c9.dd28b6","type":"function","name":"sort","useRequire":false,"func":"var ob = msg.payload\nvar temp = []\n\nfor(var i = 0 ;i < ob.length;i+=2){\n\ttemp.push(ob[i])\n}\nvar sort_ok = temp.sort()\nvar out = []\nfor(var i = 0;i<sort_ok.length; i++){\n\tout.push(temp[i]);\n\tfor(var j=0;j<ob.length;j+=2){\n\t\tif(ob[j] == temp[i]){\n\t\t\tout.push(parseFloat(ob[j+1]).toFixed(2))\n\t\t}\n\t\t}\n}\nmsg.payload = out\nreturn msg","outputs":1,"x":595.5555152893066,"y":76.9841251373291,"z":"d64314ae.29bce8","wires":[["1485d11.feb7a2f"]]},{"id":"1485d11.feb7a2f","type":"function","name":"quarter1_provice_gdp_value","useRequire":false,"func":"var tmp = []\nvar payload = []\n\nfor(var i=0;i<msg.payload.length;i+=2){\n\t\n \t   \ttmp = msg.payload[i+1]\n    \tvar item = msg.payload[i]\n    \tpayload.push([item,parseFloat(tmp)])\n\n}\n\npayload = {'value':payload}\nmsg.payload = {'MsgID':'adminpush_columnquarter1_provice_gdp_value','username':'admin','payload':payload}\nmsg.payload = JSON.stringify(msg.payload);\nreturn msg;","outputs":1,"x":798.4127197265625,"y":81.26983261108398,"z":"d64314ae.29bce8","wires":[["4686e598.b9791c"]]},{"id":"4686e598.b9791c","type":"redisPub","name":"quarter1_provice_gdp_value","host":"127.0.0.1","port":6379,"user":"","passwd":"","channel":"adminpush_columnquarter1_provice_gdp_value","x":1071.2698516845703,"y":78.41269969940186,"z":"d64314ae.29bce8","wires":[]},{"id":"1baa40b2.e455bf","type":"redis in","hostname":"127.0.0.1","port":6379,"name":"quarter2_provice_gdp_value","key":"quarter2_provice_gdp_value","structtype":"zset","x":385.555606842041,"y":145.5555534362793,"z":"d64314ae.29bce8","wires":[["a19b2747.5e64d8"]]},{"id":"a19b2747.5e64d8","type":"function","name":"sort","useRequire":false,"func":"var ob = msg.payload\nvar temp = []\n\nfor(var i = 0 ;i < ob.length;i+=2){\n\ttemp.push(ob[i])\n}\nvar sort_ok = temp.sort()\nvar out = []\nfor(var i = 0;i<sort_ok.length; i++){\n\tout.push(temp[i]);\n\tfor(var j=0;j<ob.length;j+=2){\n\t\tif(ob[j] == temp[i]){\n\t\t\tout.push(parseFloat(ob[j+1]).toFixed(2))\n\t\t}\n\t\t}\n}\nmsg.payload = out\nreturn msg","outputs":1,"x":589.8412475585938,"y":145.55555820465088,"z":"d64314ae.29bce8","wires":[["da36309e.25c9d"]]},{"id":"da36309e.25c9d","type":"function","name":"quarter2_provice_gdp_value","useRequire":false,"func":"var tmp = []\nvar payload = []\n\nfor(var i=0;i<msg.payload.length;i+=2){\n\t\n \t   \ttmp = msg.payload[i+1]\n    \tvar item = msg.payload[i]\n    \tpayload.push([item,parseFloat(tmp)])\n\n}\n\npayload = {'value':payload}\nmsg.payload = {'MsgID':'adminpush_columnquarter2_provice_gdp_value','username':'admin','payload':payload}\nmsg.payload = JSON.stringify(msg.payload);\nreturn msg;","outputs":1,"x":792.6984519958496,"y":149.84126567840576,"z":"d64314ae.29bce8","wires":[["b3a9e6f6.4c5618"]]},{"id":"b3a9e6f6.4c5618","type":"redisPub","name":"quarter2_provice_gdp_value","host":"127.0.0.1","port":6379,"user":"","passwd":"","channel":"adminpush_columnquarter2_provice_gdp_value","x":1065.5555839538574,"y":146.98413276672363,"z":"d64314ae.29bce8","wires":[]},{"id":"54c1e9eb.ab3e18","type":"redis in","hostname":"127.0.0.1","port":6379,"name":"quarter3_provice_gdp_value","key":"quarter3_provice_gdp_value","structtype":"zset","x":385.555606842041,"y":202.69840621948242,"z":"d64314ae.29bce8","wires":[["5e3a4007.a1c5c"]]},{"id":"5e3a4007.a1c5c","type":"function","name":"sort","useRequire":false,"func":"var ob = msg.payload\nvar temp = []\n\nfor(var i = 0 ;i < ob.length;i+=2){\n\ttemp.push(ob[i])\n}\nvar sort_ok = temp.sort()\nvar out = []\nfor(var i = 0;i<sort_ok.length; i++){\n\tout.push(temp[i]);\n\tfor(var j=0;j<ob.length;j+=2){\n\t\tif(ob[j] == temp[i]){\n\t\t\tout.push(parseFloat(ob[j+1]).toFixed(2))\n\t\t}\n\t\t}\n}\nmsg.payload = out\nreturn msg","outputs":1,"x":589.8412475585938,"y":202.698410987854,"z":"d64314ae.29bce8","wires":[["703db6d3.8fc248"]]},{"id":"703db6d3.8fc248","type":"function","name":"quarter3_provice_gdp_value","useRequire":false,"func":"var tmp = []\nvar payload = []\n\nfor(var i=0;i<msg.payload.length;i+=2){\n\t\n \t   \ttmp = msg.payload[i+1]\n    \tvar item = msg.payload[i]\n    \tpayload.push([item,parseFloat(tmp)])\n\n}\n\npayload = {'value':payload}\nmsg.payload = {'MsgID':'adminpush_columnquarter3_provice_gdp_value','username':'admin','payload':payload}\nmsg.payload = JSON.stringify(msg.payload);\nreturn msg;","outputs":1,"x":792.6984519958496,"y":206.9841184616089,"z":"d64314ae.29bce8","wires":[["222d0a9.fddd2f6"]]},{"id":"222d0a9.fddd2f6","type":"redisPub","name":"quarter3_provice_gdp_value","host":"127.0.0.1","port":6379,"user":"","passwd":"","channel":"adminpush_columnquarter3_provice_gdp_value","x":1065.5555839538574,"y":204.12698554992676,"z":"d64314ae.29bce8","wires":[]},{"id":"ea4cb077.15b35","type":"redis in","hostname":"127.0.0.1","port":6379,"name":"quarter4_provice_gdp_value","key":"quarter4_provice_gdp_value","structtype":"zset","x":381.2698860168457,"y":265.5555534362793,"z":"d64314ae.29bce8","wires":[["8c2c57d4.73d3a8"]]},{"id":"8c2c57d4.73d3a8","type":"function","name":"sort","useRequire":false,"func":"var ob = msg.payload\nvar temp = []\n\nfor(var i = 0 ;i < ob.length;i+=2){\n\ttemp.push(ob[i])\n}\nvar sort_ok = temp.sort()\nvar out = []\nfor(var i = 0;i<sort_ok.length; i++){\n\tout.push(temp[i]);\n\tfor(var j=0;j<ob.length;j+=2){\n\t\tif(ob[j] == temp[i]){\n\t\t\tout.push(parseFloat(ob[j+1]).toFixed(2))\n\t\t}\n\t\t}\n}\nmsg.payload = out\nreturn msg","outputs":1,"x":585.5555267333984,"y":265.5555582046509,"z":"d64314ae.29bce8","wires":[["835da97f.7ca258"]]},{"id":"835da97f.7ca258","type":"function","name":"quarter4_provice_gdp_value","useRequire":false,"func":"var tmp = []\nvar payload = []\n\nfor(var i=0;i<msg.payload.length;i+=2){\n\t\n \t   \ttmp = msg.payload[i+1]\n    \tvar item = msg.payload[i]\n    \tpayload.push([item,parseFloat(tmp)])\n\n}\n\npayload = {'value':payload}\nmsg.payload = {'MsgID':'adminpush_columnquarter4_provice_gdp_value','username':'admin','payload':payload}\nmsg.payload = JSON.stringify(msg.payload);\nreturn msg;","outputs":1,"x":788.4127311706543,"y":269.84126567840576,"z":"d64314ae.29bce8","wires":[["68626a2.f979d94"]]},{"id":"68626a2.f979d94","type":"redisPub","name":"quarter4_provice_gdp_value","host":"127.0.0.1","port":6379,"user":"","passwd":"","channel":"adminpush_columnquarter4_provice_gdp_value","x":1061.269863128662,"y":266.98413276672363,"z":"d64314ae.29bce8","wires":[]},{"id":"95b8580f.6a47a8","type":"redis in","hostname":"127.0.0.1","port":6379,"name":"quarter1_provice_gdp_rate","key":"quarter1_provice_gdp_rate","structtype":"zset","x":385.5555725097656,"y":344.1269836425781,"z":"d64314ae.29bce8","wires":[["a6dba3f2.59246"]]},{"id":"a6dba3f2.59246","type":"function","name":"sort","useRequire":false,"func":"var ob = msg.payload\nvar temp = []\n\nfor(var i = 0 ;i < ob.length;i+=2){\n\ttemp.push(ob[i])\n}\nvar sort_ok = temp.sort()\nvar out = []\nfor(var i = 0;i<sort_ok.length; i++){\n\tout.push(temp[i]);\n\tfor(var j=0;j<ob.length;j+=2){\n\t\tif(ob[j] == temp[i]){\n\t\t\tout.push(parseFloat(ob[j+1]).toFixed(2))\n\t\t}\n\t\t}\n}\nmsg.payload = out\nreturn msg","outputs":1,"x":589.8412132263184,"y":344.1269884109497,"z":"d64314ae.29bce8","wires":[["bd4a8fee.42b57"]]},{"id":"bd4a8fee.42b57","type":"function","name":"quarter1_provice_gdp_rate","useRequire":false,"func":"var tmp = []\nvar payload = []\n\nfor(var i=0;i<msg.payload.length;i+=2){\n\t\n \t   \ttmp = msg.payload[i+1]\n    \tvar item = msg.payload[i]\n    \tpayload.push([item,parseFloat(tmp)])\n\n}\n\npayload = {'value':payload}\nmsg.payload = {'MsgID':'adminpush_linequarter1_provice_gdp_rate','username':'admin','payload':payload}\nmsg.payload = JSON.stringify(msg.payload);\nreturn msg;","outputs":1,"x":792.6984176635742,"y":348.4126958847046,"z":"d64314ae.29bce8","wires":[["bfb34519.404cb8"]]},{"id":"bfb34519.404cb8","type":"redisPub","name":"quarter1_provice_gdp_rate","host":"127.0.0.1","port":6379,"user":"","passwd":"","channel":"adminpush_linequarter1_provice_gdp_rate","x":1065.555549621582,"y":345.55556297302246,"z":"d64314ae.29bce8","wires":[]},{"id":"84fdb872.7b0248","type":"redis in","hostname":"127.0.0.1","port":6379,"name":"quarter2_provice_gdp_rate","key":"quarter2_provice_gdp_rate","structtype":"zset","x":379.84130477905273,"y":412.6984167098999,"z":"d64314ae.29bce8","wires":[["8773edbc.788c1"]]},{"id":"8773edbc.788c1","type":"function","name":"sort","useRequire":false,"func":"var ob = msg.payload\nvar temp = []\n\nfor(var i = 0 ;i < ob.length;i+=2){\n\ttemp.push(ob[i])\n}\nvar sort_ok = temp.sort()\nvar out = []\nfor(var i = 0;i<sort_ok.length; i++){\n\tout.push(temp[i]);\n\tfor(var j=0;j<ob.length;j+=2){\n\t\tif(ob[j] == temp[i]){\n\t\t\tout.push(parseFloat(ob[j+1]).toFixed(2))\n\t\t}\n\t\t}\n}\nmsg.payload = out\nreturn msg","outputs":1,"x":584.1269454956055,"y":412.6984214782715,"z":"d64314ae.29bce8","wires":[["ca00aa27.35ff58"]]},{"id":"ca00aa27.35ff58","type":"function","name":"quarter2_provice_gdp_rate","useRequire":false,"func":"var tmp = []\nvar payload = []\n\nfor(var i=0;i<msg.payload.length;i+=2){\n\t\n \t   \ttmp = msg.payload[i+1]\n    \tvar item = msg.payload[i]\n    \tpayload.push([item,parseFloat(tmp)])\n\n}\n\npayload = {'value':payload}\nmsg.payload = {'MsgID':'adminpush_linequarter2_provice_gdp_rate2','username':'admin','payload':payload}\nmsg.payload = JSON.stringify(msg.payload);\nreturn msg;","outputs":1,"x":786.9841499328613,"y":416.98412895202637,"z":"d64314ae.29bce8","wires":[["f143401a.0ebcc","e4a01110.1b5ff"]]},{"id":"f143401a.0ebcc","type":"redisPub","name":"quarter2_provice_gdp_rate","host":"127.0.0.1","port":6379,"user":"","passwd":"","channel":"adminpush_linequarter2_provice_gdp_rate2","x":1059.8412818908691,"y":414.12699604034424,"z":"d64314ae.29bce8","wires":[]},{"id":"345c4aa6.cba3b6","type":"redis in","hostname":"127.0.0.1","port":6379,"name":"quarter3_provice_gdp_rate","key":"quarter3_provice_gdp_rate","structtype":"zset","x":379.84130477905273,"y":469.841269493103,"z":"d64314ae.29bce8","wires":[["e9e8223f.1617e"]]},{"id":"e9e8223f.1617e","type":"function","name":"sort","useRequire":false,"func":"var ob = msg.payload\nvar temp = []\n\nfor(var i = 0 ;i < ob.length;i+=2){\n\ttemp.push(ob[i])\n}\nvar sort_ok = temp.sort()\nvar out = []\nfor(var i = 0;i<sort_ok.length; i++){\n\tout.push(temp[i]);\n\tfor(var j=0;j<ob.length;j+=2){\n\t\tif(ob[j] == temp[i]){\n\t\t\tout.push(parseFloat(ob[j+1]).toFixed(2))\n\t\t}\n\t\t}\n}\nmsg.payload = out\nreturn msg","outputs":1,"x":584.1269454956055,"y":469.8412742614746,"z":"d64314ae.29bce8","wires":[["17a5f3.ffe85a0d"]]},{"id":"17a5f3.ffe85a0d","type":"function","name":"quarter3_provice_gdp_rate","useRequire":false,"func":"var tmp = []\nvar payload = []\n\nfor(var i=0;i<msg.payload.length;i+=2){\n\t\n \t   \ttmp = msg.payload[i+1]\n    \tvar item = msg.payload[i]\n    \tpayload.push([item,parseFloat(tmp)])\n\n}\n\npayload = {'value':payload}\nmsg.payload = {'MsgID':'adminpush_linequarter3_provice_gdp_rate2','username':'admin','payload':payload}\nmsg.payload = JSON.stringify(msg.payload);\nreturn msg;","outputs":1,"x":786.9841499328613,"y":474.1269817352295,"z":"d64314ae.29bce8","wires":[["943cd3fc.6bc33"]]},{"id":"943cd3fc.6bc33","type":"redisPub","name":"quarter3_provice_gdp_rate","host":"127.0.0.1","port":6379,"user":"","passwd":"","channel":"adminpush_linequarter3_provice_gdp_rate2","x":1059.8412818908691,"y":471.26984882354736,"z":"d64314ae.29bce8","wires":[]},{"id":"19ce0ff8.e631f","type":"redis in","hostname":"127.0.0.1","port":6379,"name":"quarter4_provice_gdp_rate","key":"quarter4_provice_gdp_rate","structtype":"zset","x":375.5555839538574,"y":532.6984167098999,"z":"d64314ae.29bce8","wires":[["934c844d.6cb378"]]},{"id":"934c844d.6cb378","type":"function","name":"sort","useRequire":false,"func":"var ob = msg.payload\nvar temp = []\n\nfor(var i = 0 ;i < ob.length;i+=2){\n\ttemp.push(ob[i])\n}\nvar sort_ok = temp.sort()\nvar out = []\nfor(var i = 0;i<sort_ok.length; i++){\n\tout.push(temp[i]);\n\tfor(var j=0;j<ob.length;j+=2){\n\t\tif(ob[j] == temp[i]){\n\t\t\tout.push(parseFloat(ob[j+1]).toFixed(2))\n\t\t}\n\t\t}\n}\nmsg.payload = out\nreturn msg","outputs":1,"x":579.8412246704102,"y":532.6984214782715,"z":"d64314ae.29bce8","wires":[["19c19c97.e63e63"]]},{"id":"19c19c97.e63e63","type":"function","name":"quarter4_provice_gdp_rate","useRequire":false,"func":"var tmp = []\nvar payload = []\n\nfor(var i=0;i<msg.payload.length;i+=2){\n\t\n \t   \ttmp = msg.payload[i+1]\n    \tvar item = msg.payload[i]\n    \tpayload.push([item,parseFloat(tmp)])\n\n}\n\npayload = {'value':payload}\nmsg.payload = {'MsgID':'adminpush_linequarter4_provice_gdp_rate','username':'admin','payload':payload}\nmsg.payload = JSON.stringify(msg.payload);\nreturn msg;","outputs":1,"x":782.698429107666,"y":536.9841289520264,"z":"d64314ae.29bce8","wires":[["ff747490.008b88"]]},{"id":"ff747490.008b88","type":"redisPub","name":"quarter4_provice_gdp_rate","host":"127.0.0.1","port":6379,"user":"","passwd":"","channel":"adminpush_linequarter4_provice_gdp_rate","x":1055.5555610656738,"y":534.1269960403442,"z":"d64314ae.29bce8","wires":[]}]