[{"id":"c5981e2d.3a67e","type":"inject","name":"","topic":"","payload":"","payloadType":"date","repeat":"1","crontab":"","once":false,"x":88.66665649414062,"y":743.6666259765625,"z":"7aee61c6.8511a","wires":[["a0f6f82e.5f0908","88bb9f6d.77446","465fef6f.b9a01","bd0558df.42faa8","e55a86ae.1aa578","c93256d8.36cda8","66efe587.99101c","2a92330.fd56dcc","c5473510.3ab8c8","8d238833.72dc78","78af66bc.875098","a3489e77.5cb76","2f546f62.d0ab9","11daead1.ee2515","b5074c56.4af8b","57325bca.a8cda4","b5534c26.4aacb","efb787a.f104878","4cab4481.b354bc","3b494092.c4b6c","a07b1045.5f84f","c436ad31.3bc95"]]},{"id":"a0f6f82e.5f0908","type":"redis in","hostname":"127.0.0.1","port":6379,"name":"re_q1_v","key":"re_q1_v","structtype":"zset","x":392.23809814453125,"y":22.99999237060547,"z":"7aee61c6.8511a","wires":[["a410bbe3.5bef48"]]},{"id":"a410bbe3.5bef48","type":"function","name":"sort","useRequire":false,"func":"var ob = msg.payload\nvar temp = []\n\nfor(var i = 0 ;i < ob.length;i+=2){\n\ttemp.push(ob[i])\n}\nvar sort_ok = temp.sort()\nvar out = []\nfor(var i = 0;i<sort_ok.length; i++){\n\tout.push(temp[i]);\n\tfor(var j=0;j<ob.length;j+=2){\n\t\tif(ob[j] == temp[i]){\n\t\t\tout.push(parseFloat(ob[j+1]).toFixed(2))\n\t\t}\n\t\t}\n}\nmsg.payload = out\nreturn msg","outputs":1,"x":601.5237121582031,"y":20,"z":"7aee61c6.8511a","wires":[["b284c1a.f4d7b4"]]},{"id":"b284c1a.f4d7b4","type":"function","name":"re_q1_v","useRequire":false,"func":"var tmp = []\nvar payload = []\n\nfor(var i=0;i<msg.payload.length;i+=2){\n\t\n \t   \ttmp = msg.payload[i+1]\n    \tvar item = msg.payload[i]\n    \tpayload.push([item,parseFloat(tmp)])\n\n}\n\npayload = {'value':payload}\nmsg.payload = {'MsgID':'adminpush_columnre_q1_v','username':'admin','payload':payload}\nmsg.payload = JSON.stringify(msg.payload);\nreturn msg;","outputs":1,"x":767.3808898925781,"y":20.28570556640625,"z":"7aee61c6.8511a","wires":[["e85340a7.17acc"]]},{"id":"e85340a7.17acc","type":"redisPub","name":"re_q1_v","host":"127.0.0.1","port":6379,"user":"","passwd":"","channel":"adminpush_columnre_q1_v","x":998.3808288574219,"y":25.71428680419922,"z":"7aee61c6.8511a","wires":[]},{"id":"88bb9f6d.77446","type":"redis in","hostname":"127.0.0.1","port":6379,"name":"re_q2_v","key":"re_q2_v","structtype":"zset","x":384.6666564941406,"y":70.8571548461914,"z":"7aee61c6.8511a","wires":[["2244d82d.ddbb28"]]},{"id":"2244d82d.ddbb28","type":"function","name":"sort","useRequire":false,"func":"var ob = msg.payload\nvar temp = []\n\nfor(var i = 0 ;i < ob.length;i+=2){\n\ttemp.push(ob[i])\n}\nvar sort_ok = temp.sort()\nvar out = []\nfor(var i = 0;i<sort_ok.length; i++){\n\tout.push(temp[i]);\n\tfor(var j=0;j<ob.length;j+=2){\n\t\tif(ob[j] == temp[i]){\n\t\t\tout.push(parseFloat(ob[j+1]).toFixed(2))\n\t\t}\n\t\t}\n}\nmsg.payload = out\nreturn msg","outputs":1,"x":593.9522705078125,"y":67.85716247558594,"z":"7aee61c6.8511a","wires":[["76d65463.8929ac"]]},{"id":"76d65463.8929ac","type":"function","name":"re_q2_v","useRequire":false,"func":"var tmp = []\nvar payload = []\n\nfor(var i=0;i<msg.payload.length;i+=2){\n\t\n \t   \ttmp = msg.payload[i+1]\n    \tvar item = msg.payload[i]\n    \tpayload.push([item,parseFloat(tmp)])\n\n}\n\npayload = {'value':payload}\nmsg.payload = {'MsgID':'adminpush_columnre_q2_v','username':'admin','payload':payload}\nmsg.payload = JSON.stringify(msg.payload);\nreturn msg;","outputs":1,"x":759.8094482421875,"y":68.14286804199219,"z":"7aee61c6.8511a","wires":[["9d61c68d.629e38"]]},{"id":"9d61c68d.629e38","type":"redisPub","name":"re_q2_v","host":"127.0.0.1","port":6379,"user":"","passwd":"","channel":"adminpush_columnre_q2_v","x":990.8093872070312,"y":73.57144927978516,"z":"7aee61c6.8511a","wires":[]},{"id":"465fef6f.b9a01","type":"redis in","hostname":"127.0.0.1","port":6379,"name":"re_q3_v","key":"re_q3_v","structtype":"zset","x":394.6666564941406,"y":121.8571548461914,"z":"7aee61c6.8511a","wires":[["621e1487.9de1ec"]]},{"id":"621e1487.9de1ec","type":"function","name":"sort","useRequire":false,"func":"var ob = msg.payload\nvar temp = []\n\nfor(var i = 0 ;i < ob.length;i+=2){\n\ttemp.push(ob[i])\n}\nvar sort_ok = temp.sort()\nvar out = []\nfor(var i = 0;i<sort_ok.length; i++){\n\tout.push(temp[i]);\n\tfor(var j=0;j<ob.length;j+=2){\n\t\tif(ob[j] == temp[i]){\n\t\t\tout.push(parseFloat(ob[j+1]).toFixed(2))\n\t\t}\n\t\t}\n}\nmsg.payload = out\nreturn msg","outputs":1,"x":603.9522705078125,"y":118.85716247558594,"z":"7aee61c6.8511a","wires":[["7040e270.8fbf1c"]]},{"id":"7040e270.8fbf1c","type":"function","name":"re_q3_v","useRequire":false,"func":"var tmp = []\nvar payload = []\n\nfor(var i=0;i<msg.payload.length;i+=2){\n\t\n \t   \ttmp = msg.payload[i+1]\n    \tvar item = msg.payload[i]\n    \tpayload.push([item,parseFloat(tmp)])\n\n}\n\npayload = {'value':payload}\nmsg.payload = {'MsgID':'adminpush_columnre_q3_v','username':'admin','payload':payload}\nmsg.payload = JSON.stringify(msg.payload);\nreturn msg;","outputs":1,"x":769.8094482421875,"y":119.14286804199219,"z":"7aee61c6.8511a","wires":[["d67eeb84.298118"]]},{"id":"d67eeb84.298118","type":"redisPub","name":"re_q3_v","host":"127.0.0.1","port":6379,"user":"","passwd":"","channel":"adminpush_columnre_q3_v","x":1000.8093872070312,"y":124.57144927978516,"z":"7aee61c6.8511a","wires":[]},{"id":"bd0558df.42faa8","type":"redis in","hostname":"127.0.0.1","port":6379,"name":"re_q4_v","key":"re_q4_v","structtype":"zset","x":387.09521484375,"y":169.71431732177734,"z":"7aee61c6.8511a","wires":[["d1286852.2ed798"]]},{"id":"d1286852.2ed798","type":"function","name":"sort","useRequire":false,"func":"var ob = msg.payload\nvar temp = []\n\nfor(var i = 0 ;i < ob.length;i+=2){\n\ttemp.push(ob[i])\n}\nvar sort_ok = temp.sort()\nvar out = []\nfor(var i = 0;i<sort_ok.length; i++){\n\tout.push(temp[i]);\n\tfor(var j=0;j<ob.length;j+=2){\n\t\tif(ob[j] == temp[i]){\n\t\t\tout.push(parseFloat(ob[j+1]).toFixed(2))\n\t\t}\n\t\t}\n}\nmsg.payload = out\nreturn msg","outputs":1,"x":596.3808288574219,"y":166.71432495117188,"z":"7aee61c6.8511a","wires":[["3301bc4.fccfe44"]]},{"id":"3301bc4.fccfe44","type":"function","name":"re_q4_v","useRequire":false,"func":"var tmp = []\nvar payload = []\n\nfor(var i=0;i<msg.payload.length;i+=2){\n\t\n \t   \ttmp = msg.payload[i+1]\n    \tvar item = msg.payload[i]\n    \tpayload.push([item,parseFloat(tmp)])\n\n}\n\npayload = {'value':payload}\nmsg.payload = {'MsgID':'adminpush_columnre_q4_v','username':'admin','payload':payload}\nmsg.payload = JSON.stringify(msg.payload);\nreturn msg;","outputs":1,"x":762.2380065917969,"y":167.00003051757812,"z":"7aee61c6.8511a","wires":[["b82bde3d.47d42"]]},{"id":"b82bde3d.47d42","type":"redisPub","name":"re_q4_v","host":"127.0.0.1","port":6379,"user":"","passwd":"","channel":"adminpush_columnre_q4_v","x":993.2379455566406,"y":172.4286117553711,"z":"7aee61c6.8511a","wires":[]},{"id":"e55a86ae.1aa578","type":"redis in","hostname":"127.0.0.1","port":6379,"name":"re_q1_r","key":"re_q1_r","structtype":"zset","x":390.6666564941406,"y":261.6666488647461,"z":"7aee61c6.8511a","wires":[["5b569abb.a4a964"]]},{"id":"5b569abb.a4a964","type":"function","name":"sort","useRequire":false,"func":"var ob = msg.payload\nvar temp = []\n\nfor(var i = 0 ;i < ob.length;i+=2){\n\ttemp.push(ob[i])\n}\nvar sort_ok = temp.sort()\nvar out = []\nfor(var i = 0;i<sort_ok.length; i++){\n\tout.push(temp[i]);\n\tfor(var j=0;j<ob.length;j+=2){\n\t\tif(ob[j] == temp[i]){\n\t\t\tout.push(parseFloat(ob[j+1]).toFixed(2))\n\t\t}\n\t\t}\n}\nmsg.payload = out\nreturn msg","outputs":1,"x":599.9522705078125,"y":258.6666564941406,"z":"7aee61c6.8511a","wires":[["20df2ac.fdf20d6"]]},{"id":"20df2ac.fdf20d6","type":"function","name":"re_q1_r","useRequire":false,"func":"var tmp = []\nvar payload = []\n\nfor(var i=0;i<msg.payload.length;i+=2){\n\t\n \t   \ttmp = msg.payload[i+1]\n    \tvar item = msg.payload[i]\n    \tpayload.push([item,parseFloat(tmp)])\n\n}\n\npayload = {'value':payload}\nmsg.payload = {'MsgID':'adminpush_linere_q1_v','username':'admin','payload':payload}\nmsg.payload = JSON.stringify(msg.payload);\nreturn msg;","outputs":1,"x":765.8094482421875,"y":258.9523620605469,"z":"7aee61c6.8511a","wires":[["88b79fd4.77486"]]},{"id":"88b79fd4.77486","type":"redisPub","name":"re_q1_r","host":"127.0.0.1","port":6379,"user":"","passwd":"","channel":"adminpush_linere_q1_r","x":996.8093872070312,"y":264.38094329833984,"z":"7aee61c6.8511a","wires":[]},{"id":"c93256d8.36cda8","type":"redis in","hostname":"127.0.0.1","port":6379,"name":"re_q2_r","key":"re_q2_r","structtype":"zset","x":402.6666564941406,"y":305.6666488647461,"z":"7aee61c6.8511a","wires":[["451878c1.bae788"]]},{"id":"451878c1.bae788","type":"function","name":"sort","useRequire":false,"func":"var ob = msg.payload\nvar temp = []\n\nfor(var i = 0 ;i < ob.length;i+=2){\n\ttemp.push(ob[i])\n}\nvar sort_ok = temp.sort()\nvar out = []\nfor(var i = 0;i<sort_ok.length; i++){\n\tout.push(temp[i]);\n\tfor(var j=0;j<ob.length;j+=2){\n\t\tif(ob[j] == temp[i]){\n\t\t\tout.push(parseFloat(ob[j+1]).toFixed(2))\n\t\t}\n\t\t}\n}\nmsg.payload = out\nreturn msg","outputs":1,"x":611.9522705078125,"y":302.6666564941406,"z":"7aee61c6.8511a","wires":[["77aa4826.8855b8"]]},{"id":"77aa4826.8855b8","type":"function","name":"re_q2_r","useRequire":false,"func":"var tmp = []\nvar payload = []\n\nfor(var i=0;i<msg.payload.length;i+=2){\n\t\n \t   \ttmp = msg.payload[i+1]\n    \tvar item = msg.payload[i]\n    \tpayload.push([item,parseFloat(tmp)])\n\n}\n\npayload = {'value':payload}\nmsg.payload = {'MsgID':'adminpush_linere_q2_v','username':'admin','payload':payload}\nmsg.payload = JSON.stringify(msg.payload);\nreturn msg;","outputs":1,"x":777.8094482421875,"y":302.9523620605469,"z":"7aee61c6.8511a","wires":[["fa0e3bb4.05f1c8"]]},{"id":"fa0e3bb4.05f1c8","type":"redisPub","name":"re_q2_r","host":"127.0.0.1","port":6379,"user":"","passwd":"","channel":"adminpush_linere_q2_r","x":1008.8093872070312,"y":308.38094329833984,"z":"7aee61c6.8511a","wires":[]},{"id":"66efe587.99101c","type":"redis in","hostname":"127.0.0.1","port":6379,"name":"re_q3_r","key":"re_q3_r","structtype":"zset","x":387.6666564941406,"y":356.6666488647461,"z":"7aee61c6.8511a","wires":[["d97d360c.2682c8"]]},{"id":"d97d360c.2682c8","type":"function","name":"sort","useRequire":false,"func":"var ob = msg.payload\nvar temp = []\n\nfor(var i = 0 ;i < ob.length;i+=2){\n\ttemp.push(ob[i])\n}\nvar sort_ok = temp.sort()\nvar out = []\nfor(var i = 0;i<sort_ok.length; i++){\n\tout.push(temp[i]);\n\tfor(var j=0;j<ob.length;j+=2){\n\t\tif(ob[j] == temp[i]){\n\t\t\tout.push(parseFloat(ob[j+1]).toFixed(2))\n\t\t}\n\t\t}\n}\nmsg.payload = out\nreturn msg","outputs":1,"x":596.9522705078125,"y":353.6666564941406,"z":"7aee61c6.8511a","wires":[["be076c66.41f89"]]},{"id":"be076c66.41f89","type":"function","name":"re_q3_r","useRequire":false,"func":"var tmp = []\nvar payload = []\n\nfor(var i=0;i<msg.payload.length;i+=2){\n\t\n \t   \ttmp = msg.payload[i+1]\n    \tvar item = msg.payload[i]\n    \tpayload.push([item,parseFloat(tmp)])\n\n}\n\npayload = {'value':payload}\nmsg.payload = {'MsgID':'adminpush_linere_q3_v','username':'admin','payload':payload}\nmsg.payload = JSON.stringify(msg.payload);\nreturn msg;","outputs":1,"x":762.8094482421875,"y":353.9523620605469,"z":"7aee61c6.8511a","wires":[["ccd7f453.332808"]]},{"id":"ccd7f453.332808","type":"redisPub","name":"re_q3_r","host":"127.0.0.1","port":6379,"user":"","passwd":"","channel":"adminpush_linere_q3_r","x":993.8093872070312,"y":359.38094329833984,"z":"7aee61c6.8511a","wires":[]},{"id":"2a92330.fd56dcc","type":"redis in","hostname":"127.0.0.1","port":6379,"name":"re_q4_r","key":"re_q4_r","structtype":"zset","x":399.6666564941406,"y":400.6666488647461,"z":"7aee61c6.8511a","wires":[["92f9f883.6d0608"]]},{"id":"92f9f883.6d0608","type":"function","name":"sort","useRequire":false,"func":"var ob = msg.payload\nvar temp = []\n\nfor(var i = 0 ;i < ob.length;i+=2){\n\ttemp.push(ob[i])\n}\nvar sort_ok = temp.sort()\nvar out = []\nfor(var i = 0;i<sort_ok.length; i++){\n\tout.push(temp[i]);\n\tfor(var j=0;j<ob.length;j+=2){\n\t\tif(ob[j] == temp[i]){\n\t\t\tout.push(parseFloat(ob[j+1]).toFixed(2))\n\t\t}\n\t\t}\n}\nmsg.payload = out\nreturn msg","outputs":1,"x":608.9522705078125,"y":397.6666564941406,"z":"7aee61c6.8511a","wires":[["3db9b194.c2464e"]]},{"id":"3db9b194.c2464e","type":"function","name":"re_q4_r","useRequire":false,"func":"var tmp = []\nvar payload = []\n\nfor(var i=0;i<msg.payload.length;i+=2){\n\t\n \t   \ttmp = msg.payload[i+1]\n    \tvar item = msg.payload[i]\n    \tpayload.push([item,parseFloat(tmp)])\n\n}\n\npayload = {'value':payload}\nmsg.payload = {'MsgID':'adminpush_linere_q4_v','username':'admin','payload':payload}\nmsg.payload = JSON.stringify(msg.payload);\nreturn msg;","outputs":1,"x":774.8094482421875,"y":397.9523620605469,"z":"7aee61c6.8511a","wires":[["43eda1e3.bc126"]]},{"id":"43eda1e3.bc126","type":"redisPub","name":"re_q4_r","host":"127.0.0.1","port":6379,"user":"","passwd":"","channel":"adminpush_linere_q4_r","x":1005.8093872070312,"y":403.38094329833984,"z":"7aee61c6.8511a","wires":[]},{"id":"c5473510.3ab8c8","type":"redis in","hostname":"127.0.0.1","port":6379,"name":"re_m12_v","key":"re_m12_v","structtype":"zset","x":367.6666564941406,"y":479.6666564941406,"z":"7aee61c6.8511a","wires":[["6e1141b2.91eec"]]},{"id":"6e1141b2.91eec","type":"function","name":"sort","useRequire":false,"func":"var ob = msg.payload\nvar temp = []\n\nfor(var i = 0 ;i < ob.length;i+=2){\n\ttemp.push(ob[i])\n}\nvar sort_ok = temp.sort()\nvar out = []\nfor(var i = 0;i<sort_ok.length; i++){\n\tout.push(temp[i]);\n\tfor(var j=0;j<ob.length;j+=2){\n\t\tif(ob[j] == temp[i]){\n\t\t\tout.push(parseFloat(ob[j+1]).toFixed(2))\n\t\t}\n\t\t}\n}\nmsg.payload = out\nreturn msg","outputs":1,"x":576.9522705078125,"y":476.66666412353516,"z":"7aee61c6.8511a","wires":[["27942ff1.d86bd"]]},{"id":"27942ff1.d86bd","type":"function","name":"re_m12_v","useRequire":false,"func":"var tmp = []\nvar payload = []\n\nfor(var i=0;i<msg.payload.length;i+=2){\n\t\n \t   \ttmp = msg.payload[i+1]\n    \tvar item = msg.payload[i]\n    \tpayload.push([item,parseFloat(tmp)])\n\n}\n\npayload = {'value':payload}\nmsg.payload = {'MsgID':'adminpush_columnre_m12_v','username':'admin','payload':payload}\nmsg.payload = JSON.stringify(msg.payload);\nreturn msg;","outputs":1,"x":742.8094482421875,"y":476.9523696899414,"z":"7aee61c6.8511a","wires":[["97e05ee8.681fa"]]},{"id":"97e05ee8.681fa","type":"redisPub","name":"re_m12_v","host":"127.0.0.1","port":6379,"user":"","passwd":"","channel":"adminpush_columnre_m12_v","x":973.8093872070312,"y":482.3809509277344,"z":"7aee61c6.8511a","wires":[]},{"id":"8d238833.72dc78","type":"redis in","hostname":"127.0.0.1","port":6379,"name":"re_m14_v","key":"re_m14_v","structtype":"zset","x":362.6666564941406,"y":527.6666870117188,"z":"7aee61c6.8511a","wires":[["60d2c274.9f2d3c"]]},{"id":"60d2c274.9f2d3c","type":"function","name":"sort","useRequire":false,"func":"var ob = msg.payload\nvar temp = []\n\nfor(var i = 0 ;i < ob.length;i+=2){\n\ttemp.push(ob[i])\n}\nvar sort_ok = temp.sort()\nvar out = []\nfor(var i = 0;i<sort_ok.length; i++){\n\tout.push(temp[i]);\n\tfor(var j=0;j<ob.length;j+=2){\n\t\tif(ob[j] == temp[i]){\n\t\t\tout.push(parseFloat(ob[j+1]).toFixed(2))\n\t\t}\n\t\t}\n}\nmsg.payload = out\nreturn msg","outputs":1,"x":571.9522705078125,"y":524.6666946411133,"z":"7aee61c6.8511a","wires":[["2d104e68.d2efb2"]]},{"id":"2d104e68.d2efb2","type":"function","name":"re_m14_v","useRequire":false,"func":"var tmp = []\nvar payload = []\n\nfor(var i=0;i<msg.payload.length;i+=2){\n\t\n \t   \ttmp = msg.payload[i+1]\n    \tvar item = msg.payload[i]\n    \tpayload.push([item,parseFloat(tmp)])\n\n}\n\npayload = {'value':payload}\nmsg.payload = {'MsgID':'adminpush_columnre_m14_v','username':'admin','payload':payload}\nmsg.payload = JSON.stringify(msg.payload);\nreturn msg;","outputs":1,"x":737.8094482421875,"y":524.9524002075195,"z":"7aee61c6.8511a","wires":[["d7831659.287ce8"]]},{"id":"d7831659.287ce8","type":"redisPub","name":"re_m14_v","host":"127.0.0.1","port":6379,"user":"","passwd":"","channel":"adminpush_columnre_m14_v","x":968.8093872070312,"y":530.3809814453125,"z":"7aee61c6.8511a","wires":[]},{"id":"78af66bc.875098","type":"redis in","hostname":"127.0.0.1","port":6379,"name":"re_m15_v","key":"re_m15_v","structtype":"zset","x":363.6666564941406,"y":578.6666870117188,"z":"7aee61c6.8511a","wires":[["f07cefb7.0f831"]]},{"id":"f07cefb7.0f831","type":"function","name":"sort","useRequire":false,"func":"var ob = msg.payload\nvar temp = []\n\nfor(var i = 0 ;i < ob.length;i+=2){\n\ttemp.push(ob[i])\n}\nvar sort_ok = temp.sort()\nvar out = []\nfor(var i = 0;i<sort_ok.length; i++){\n\tout.push(temp[i]);\n\tfor(var j=0;j<ob.length;j+=2){\n\t\tif(ob[j] == temp[i]){\n\t\t\tout.push(parseFloat(ob[j+1]).toFixed(2))\n\t\t}\n\t\t}\n}\nmsg.payload = out\nreturn msg","outputs":1,"x":572.9522705078125,"y":575.6666946411133,"z":"7aee61c6.8511a","wires":[["5e7b7c02.a18484"]]},{"id":"5e7b7c02.a18484","type":"function","name":"re_m15_v","useRequire":false,"func":"var tmp = []\nvar payload = []\n\nfor(var i=0;i<msg.payload.length;i+=2){\n\t\n \t   \ttmp = msg.payload[i+1]\n    \tvar item = msg.payload[i]\n    \tpayload.push([item,parseFloat(tmp)])\n\n}\n\npayload = {'value':payload}\nmsg.payload = {'MsgID':'adminpush_columnre_m15_v','username':'admin','payload':payload}\nmsg.payload = JSON.stringify(msg.payload);\nreturn msg;","outputs":1,"x":738.8094482421875,"y":575.9524002075195,"z":"7aee61c6.8511a","wires":[["7d03840b.82fc7c"]]},{"id":"7d03840b.82fc7c","type":"redisPub","name":"re_m15_v","host":"127.0.0.1","port":6379,"user":"","passwd":"","channel":"adminpush_columnre_m15_v","x":969.8093872070312,"y":581.3809814453125,"z":"7aee61c6.8511a","wires":[]},{"id":"a3489e77.5cb76","type":"redis in","hostname":"127.0.0.1","port":6379,"name":"re_m17_v","key":"re_m17_v","structtype":"zset","x":358.6666564941406,"y":626.6667175292969,"z":"7aee61c6.8511a","wires":[["fb54394b.04abc8"]]},{"id":"fb54394b.04abc8","type":"function","name":"sort","useRequire":false,"func":"var ob = msg.payload\nvar temp = []\n\nfor(var i = 0 ;i < ob.length;i+=2){\n\ttemp.push(ob[i])\n}\nvar sort_ok = temp.sort()\nvar out = []\nfor(var i = 0;i<sort_ok.length; i++){\n\tout.push(temp[i]);\n\tfor(var j=0;j<ob.length;j+=2){\n\t\tif(ob[j] == temp[i]){\n\t\t\tout.push(parseFloat(ob[j+1]).toFixed(2))\n\t\t}\n\t\t}\n}\nmsg.payload = out\nreturn msg","outputs":1,"x":567.9522705078125,"y":623.6667251586914,"z":"7aee61c6.8511a","wires":[["23030927.dcfcf6"]]},{"id":"23030927.dcfcf6","type":"function","name":"re_m17_v","useRequire":false,"func":"var tmp = []\nvar payload = []\n\nfor(var i=0;i<msg.payload.length;i+=2){\n\t\n \t   \ttmp = msg.payload[i+1]\n    \tvar item = msg.payload[i]\n    \tpayload.push([item,parseFloat(tmp)])\n\n}\n\npayload = {'value':payload}\nmsg.payload = {'MsgID':'adminpush_columnre_m17_v','username':'admin','payload':payload}\nmsg.payload = JSON.stringify(msg.payload);\nreturn msg;","outputs":1,"x":733.8094482421875,"y":623.9524307250977,"z":"7aee61c6.8511a","wires":[["226fd151.dd902e"]]},{"id":"226fd151.dd902e","type":"redisPub","name":"re_m17_v","host":"127.0.0.1","port":6379,"user":"","passwd":"","channel":"adminpush_columnre_m17_v","x":964.8093872070312,"y":629.3810119628906,"z":"7aee61c6.8511a","wires":[]},{"id":"2f546f62.d0ab9","type":"redis in","hostname":"127.0.0.1","port":6379,"name":"re_m18_v","key":"re_m18_v","structtype":"zset","x":359.6666564941406,"y":677.6666870117188,"z":"7aee61c6.8511a","wires":[["57914545.a86ebc"]]},{"id":"57914545.a86ebc","type":"function","name":"sort","useRequire":false,"func":"var ob = msg.payload\nvar temp = []\n\nfor(var i = 0 ;i < ob.length;i+=2){\n\ttemp.push(ob[i])\n}\nvar sort_ok = temp.sort()\nvar out = []\nfor(var i = 0;i<sort_ok.length; i++){\n\tout.push(temp[i]);\n\tfor(var j=0;j<ob.length;j+=2){\n\t\tif(ob[j] == temp[i]){\n\t\t\tout.push(parseFloat(ob[j+1]).toFixed(2))\n\t\t}\n\t\t}\n}\nmsg.payload = out\nreturn msg","outputs":1,"x":568.9522705078125,"y":674.6666946411133,"z":"7aee61c6.8511a","wires":[["53537822.acac88"]]},{"id":"53537822.acac88","type":"function","name":"re_m18_v","useRequire":false,"func":"var tmp = []\nvar payload = []\n\nfor(var i=0;i<msg.payload.length;i+=2){\n\t\n \t   \ttmp = msg.payload[i+1]\n    \tvar item = msg.payload[i]\n    \tpayload.push([item,parseFloat(tmp)])\n\n}\n\npayload = {'value':payload}\nmsg.payload = {'MsgID':'adminpush_columnre_m18_v','username':'admin','payload':payload}\nmsg.payload = JSON.stringify(msg.payload);\nreturn msg;","outputs":1,"x":734.8094482421875,"y":674.9524002075195,"z":"7aee61c6.8511a","wires":[["97c18d05.683e7"]]},{"id":"97c18d05.683e7","type":"redisPub","name":"re_m18_v","host":"127.0.0.1","port":6379,"user":"","passwd":"","channel":"adminpush_columnre_m18_v","x":965.8093872070312,"y":680.3809814453125,"z":"7aee61c6.8511a","wires":[]},{"id":"11daead1.ee2515","type":"redis in","hostname":"127.0.0.1","port":6379,"name":"re_m110_v","key":"re_m110_v","structtype":"zset","x":354.6666564941406,"y":725.6667175292969,"z":"7aee61c6.8511a","wires":[["716c2f45.8e93d"]]},{"id":"716c2f45.8e93d","type":"function","name":"sort","useRequire":false,"func":"var ob = msg.payload\nvar temp = []\n\nfor(var i = 0 ;i < ob.length;i+=2){\n\ttemp.push(ob[i])\n}\nvar sort_ok = temp.sort()\nvar out = []\nfor(var i = 0;i<sort_ok.length; i++){\n\tout.push(temp[i]);\n\tfor(var j=0;j<ob.length;j+=2){\n\t\tif(ob[j] == temp[i]){\n\t\t\tout.push(parseFloat(ob[j+1]).toFixed(2))\n\t\t}\n\t\t}\n}\nmsg.payload = out\nreturn msg","outputs":1,"x":563.9522705078125,"y":722.6667251586914,"z":"7aee61c6.8511a","wires":[["4951b7c3.b6ae48"]]},{"id":"4951b7c3.b6ae48","type":"function","name":"re_m110_v","useRequire":false,"func":"var tmp = []\nvar payload = []\n\nfor(var i=0;i<msg.payload.length;i+=2){\n\t\n \t   \ttmp = msg.payload[i+1]\n    \tvar item = msg.payload[i]\n    \tpayload.push([item,parseFloat(tmp)])\n\n}\n\npayload = {'value':payload}\nmsg.payload = {'MsgID':'adminpush_columnre_m110_v','username':'admin','payload':payload}\nmsg.payload = JSON.stringify(msg.payload);\nreturn msg;","outputs":1,"x":729.8094482421875,"y":722.9524307250977,"z":"7aee61c6.8511a","wires":[["c60229a5.39fdd8"]]},{"id":"c60229a5.39fdd8","type":"redisPub","name":"re_m110_v","host":"127.0.0.1","port":6379,"user":"","passwd":"","channel":"adminpush_columnre_m110_v","x":960.8093872070312,"y":728.3810119628906,"z":"7aee61c6.8511a","wires":[]},{"id":"b5074c56.4af8b","type":"redis in","hostname":"127.0.0.1","port":6379,"name":"re_m111_v","key":"re_m111_v","structtype":"zset","x":355.6666564941406,"y":776.6667175292969,"z":"7aee61c6.8511a","wires":[["e97bc6c4.168438"]]},{"id":"e97bc6c4.168438","type":"function","name":"sort","useRequire":false,"func":"var ob = msg.payload\nvar temp = []\n\nfor(var i = 0 ;i < ob.length;i+=2){\n\ttemp.push(ob[i])\n}\nvar sort_ok = temp.sort()\nvar out = []\nfor(var i = 0;i<sort_ok.length; i++){\n\tout.push(temp[i]);\n\tfor(var j=0;j<ob.length;j+=2){\n\t\tif(ob[j] == temp[i]){\n\t\t\tout.push(parseFloat(ob[j+1]).toFixed(2))\n\t\t}\n\t\t}\n}\nmsg.payload = out\nreturn msg","outputs":1,"x":564.9522705078125,"y":773.6667251586914,"z":"7aee61c6.8511a","wires":[["26a7f173.d9580e"]]},{"id":"26a7f173.d9580e","type":"function","name":"re_m111_v","useRequire":false,"func":"var tmp = []\nvar payload = []\n\nfor(var i=0;i<msg.payload.length;i+=2){\n\t\n \t   \ttmp = msg.payload[i+1]\n    \tvar item = msg.payload[i]\n    \tpayload.push([item,parseFloat(tmp)])\n\n}\n\npayload = {'value':payload}\nmsg.payload = {'MsgID':'adminpush_columnre_m111_v','username':'admin','payload':payload}\nmsg.payload = JSON.stringify(msg.payload);\nreturn msg;","outputs":1,"x":730.8094482421875,"y":773.9524307250977,"z":"7aee61c6.8511a","wires":[["85fe284a.7a01d8"]]},{"id":"85fe284a.7a01d8","type":"redisPub","name":"re_m111_v","host":"127.0.0.1","port":6379,"user":"","passwd":"","channel":"adminpush_columnre_m111_v","x":961.8093872070312,"y":779.3810119628906,"z":"7aee61c6.8511a","wires":[]},{"id":"57325bca.a8cda4","type":"redis in","hostname":"127.0.0.1","port":6379,"name":"re_m12_r","key":"re_m12_r","structtype":"zset","x":354.6666564941406,"y":841.6666870117188,"z":"7aee61c6.8511a","wires":[["3c945ad9.c36ba6"]]},{"id":"3c945ad9.c36ba6","type":"function","name":"sort","useRequire":false,"func":"var ob = msg.payload\nvar temp = []\n\nfor(var i = 0 ;i < ob.length;i+=2){\n\ttemp.push(ob[i])\n}\nvar sort_ok = temp.sort()\nvar out = []\nfor(var i = 0;i<sort_ok.length; i++){\n\tout.push(temp[i]);\n\tfor(var j=0;j<ob.length;j+=2){\n\t\tif(ob[j] == temp[i]){\n\t\t\tout.push(parseFloat(ob[j+1]).toFixed(2))\n\t\t}\n\t\t}\n}\nmsg.payload = out\nreturn msg","outputs":1,"x":563.9522705078125,"y":838.6666946411133,"z":"7aee61c6.8511a","wires":[["979586c8.686a78"]]},{"id":"979586c8.686a78","type":"function","name":"re_m12_r","useRequire":false,"func":"var tmp = []\nvar payload = []\n\nfor(var i=0;i<msg.payload.length;i+=2){\n\t\n \t   \ttmp = msg.payload[i+1]\n    \tvar item = msg.payload[i]\n    \tpayload.push([item,parseFloat(tmp)])\n\n}\n\npayload = {'value':payload}\nmsg.payload = {'MsgID':'adminpush_linere_m12_r','username':'admin','payload':payload}\nmsg.payload = JSON.stringify(msg.payload);\nreturn msg;","outputs":1,"x":729.8094482421875,"y":838.9524002075195,"z":"7aee61c6.8511a","wires":[["f0b0fb47.0f4f08"]]},{"id":"f0b0fb47.0f4f08","type":"redisPub","name":"re_m12_r","host":"127.0.0.1","port":6379,"user":"","passwd":"","channel":"adminpush_linere_m12_r","x":960.8093872070312,"y":844.3809814453125,"z":"7aee61c6.8511a","wires":[]},{"id":"b5534c26.4aacb","type":"redis in","hostname":"127.0.0.1","port":6379,"name":"re_m14_r","key":"re_m14_r","structtype":"zset","x":349.6666564941406,"y":889.6667175292969,"z":"7aee61c6.8511a","wires":[["dde12955.221ed8"]]},{"id":"dde12955.221ed8","type":"function","name":"sort","useRequire":false,"func":"var ob = msg.payload\nvar temp = []\n\nfor(var i = 0 ;i < ob.length;i+=2){\n\ttemp.push(ob[i])\n}\nvar sort_ok = temp.sort()\nvar out = []\nfor(var i = 0;i<sort_ok.length; i++){\n\tout.push(temp[i]);\n\tfor(var j=0;j<ob.length;j+=2){\n\t\tif(ob[j] == temp[i]){\n\t\t\tout.push(parseFloat(ob[j+1]).toFixed(2))\n\t\t}\n\t\t}\n}\nmsg.payload = out\nreturn msg","outputs":1,"x":558.9522705078125,"y":886.6667251586914,"z":"7aee61c6.8511a","wires":[["e90eed2.f16f11"]]},{"id":"e90eed2.f16f11","type":"function","name":"re_m14_r","useRequire":false,"func":"var tmp = []\nvar payload = []\n\nfor(var i=0;i<msg.payload.length;i+=2){\n\t\n \t   \ttmp = msg.payload[i+1]\n    \tvar item = msg.payload[i]\n    \tpayload.push([item,parseFloat(tmp)])\n\n}\n\npayload = {'value':payload}\nmsg.payload = {'MsgID':'adminpush_linere_m14_r','username':'admin','payload':payload}\nmsg.payload = JSON.stringify(msg.payload);\nreturn msg;","outputs":1,"x":724.8094482421875,"y":886.9524307250977,"z":"7aee61c6.8511a","wires":[["deeb2b72.2114d8"]]},{"id":"deeb2b72.2114d8","type":"redisPub","name":"re_m14_r","host":"127.0.0.1","port":6379,"user":"","passwd":"","channel":"adminpush_linere_m14_r","x":955.8093872070312,"y":892.3810119628906,"z":"7aee61c6.8511a","wires":[]},{"id":"efb787a.f104878","type":"redis in","hostname":"127.0.0.1","port":6379,"name":"re_m15_r","key":"re_m15_r","structtype":"zset","x":350.6666564941406,"y":940.6667175292969,"z":"7aee61c6.8511a","wires":[["4f2e228c.b0d1dc"]]},{"id":"4f2e228c.b0d1dc","type":"function","name":"sort","useRequire":false,"func":"var ob = msg.payload\nvar temp = []\n\nfor(var i = 0 ;i < ob.length;i+=2){\n\ttemp.push(ob[i])\n}\nvar sort_ok = temp.sort()\nvar out = []\nfor(var i = 0;i<sort_ok.length; i++){\n\tout.push(temp[i]);\n\tfor(var j=0;j<ob.length;j+=2){\n\t\tif(ob[j] == temp[i]){\n\t\t\tout.push(parseFloat(ob[j+1]).toFixed(2))\n\t\t}\n\t\t}\n}\nmsg.payload = out\nreturn msg","outputs":1,"x":559.9522705078125,"y":937.6667251586914,"z":"7aee61c6.8511a","wires":[["9de32f62.621cd"]]},{"id":"9de32f62.621cd","type":"function","name":"re_m15_r","useRequire":false,"func":"var tmp = []\nvar payload = []\n\nfor(var i=0;i<msg.payload.length;i+=2){\n\t\n \t   \ttmp = msg.payload[i+1]\n    \tvar item = msg.payload[i]\n    \tpayload.push([item,parseFloat(tmp)])\n\n}\n\npayload = {'value':payload}\nmsg.payload = {'MsgID':'adminpush_linere_m15_r','username':'admin','payload':payload}\nmsg.payload = JSON.stringify(msg.payload);\nreturn msg;","outputs":1,"x":725.8094482421875,"y":937.9524307250977,"z":"7aee61c6.8511a","wires":[["ff52a2af.00ad6"]]},{"id":"ff52a2af.00ad6","type":"redisPub","name":"re_m15_r","host":"127.0.0.1","port":6379,"user":"","passwd":"","channel":"adminpush_linere_m15_r","x":956.8093872070312,"y":943.3810119628906,"z":"7aee61c6.8511a","wires":[]},{"id":"4cab4481.b354bc","type":"redis in","hostname":"127.0.0.1","port":6379,"name":"re_m17_r","key":"re_m17_r","structtype":"zset","x":345.6666564941406,"y":988.666748046875,"z":"7aee61c6.8511a","wires":[["f9b804ae.0647f8"]]},{"id":"f9b804ae.0647f8","type":"function","name":"sort","useRequire":false,"func":"var ob = msg.payload\nvar temp = []\n\nfor(var i = 0 ;i < ob.length;i+=2){\n\ttemp.push(ob[i])\n}\nvar sort_ok = temp.sort()\nvar out = []\nfor(var i = 0;i<sort_ok.length; i++){\n\tout.push(temp[i]);\n\tfor(var j=0;j<ob.length;j+=2){\n\t\tif(ob[j] == temp[i]){\n\t\t\tout.push(parseFloat(ob[j+1]).toFixed(2))\n\t\t}\n\t\t}\n}\nmsg.payload = out\nreturn msg","outputs":1,"x":554.9522705078125,"y":985.6667556762695,"z":"7aee61c6.8511a","wires":[["b227f203.4dd81"]]},{"id":"b227f203.4dd81","type":"function","name":"re_m17_r","useRequire":false,"func":"var tmp = []\nvar payload = []\n\nfor(var i=0;i<msg.payload.length;i+=2){\n\t\n \t   \ttmp = msg.payload[i+1]\n    \tvar item = msg.payload[i]\n    \tpayload.push([item,parseFloat(tmp)])\n\n}\n\npayload = {'value':payload}\nmsg.payload = {'MsgID':'adminpush_linere_m17_r','username':'admin','payload':payload}\nmsg.payload = JSON.stringify(msg.payload);\nreturn msg;","outputs":1,"x":720.8094482421875,"y":985.9524612426758,"z":"7aee61c6.8511a","wires":[["7b75f5de.848a0c"]]},{"id":"7b75f5de.848a0c","type":"redisPub","name":"re_m17_r","host":"127.0.0.1","port":6379,"user":"","passwd":"","channel":"adminpush_linere_m17_r","x":951.8093872070312,"y":991.3810424804688,"z":"7aee61c6.8511a","wires":[]},{"id":"3b494092.c4b6c","type":"redis in","hostname":"127.0.0.1","port":6379,"name":"re_m18_r","key":"re_m18_r","structtype":"zset","x":346.6666564941406,"y":1039.6667175292969,"z":"7aee61c6.8511a","wires":[["91552694.6eaad8"]]},{"id":"91552694.6eaad8","type":"function","name":"sort","useRequire":false,"func":"var ob = msg.payload\nvar temp = []\n\nfor(var i = 0 ;i < ob.length;i+=2){\n\ttemp.push(ob[i])\n}\nvar sort_ok = temp.sort()\nvar out = []\nfor(var i = 0;i<sort_ok.length; i++){\n\tout.push(temp[i]);\n\tfor(var j=0;j<ob.length;j+=2){\n\t\tif(ob[j] == temp[i]){\n\t\t\tout.push(parseFloat(ob[j+1]).toFixed(2))\n\t\t}\n\t\t}\n}\nmsg.payload = out\nreturn msg","outputs":1,"x":555.9522705078125,"y":1036.6667251586914,"z":"7aee61c6.8511a","wires":[["c0d53721.3f2ac8"]]},{"id":"c0d53721.3f2ac8","type":"function","name":"re_m18_r","useRequire":false,"func":"var tmp = []\nvar payload = []\n\nfor(var i=0;i<msg.payload.length;i+=2){\n\t\n \t   \ttmp = msg.payload[i+1]\n    \tvar item = msg.payload[i]\n    \tpayload.push([item,parseFloat(tmp)])\n\n}\n\npayload = {'value':payload}\nmsg.payload = {'MsgID':'adminpush_linere_m18_r','username':'admin','payload':payload}\nmsg.payload = JSON.stringify(msg.payload);\nreturn msg;","outputs":1,"x":721.8094482421875,"y":1036.9524307250977,"z":"7aee61c6.8511a","wires":[["4181424c.be7ebc"]]},{"id":"4181424c.be7ebc","type":"redisPub","name":"re_m18_r","host":"127.0.0.1","port":6379,"user":"","passwd":"","channel":"adminpush_linere_m18_r","x":952.8093872070312,"y":1042.3810119628906,"z":"7aee61c6.8511a","wires":[]},{"id":"a07b1045.5f84f","type":"redis in","hostname":"127.0.0.1","port":6379,"name":"re_m110_r","key":"re_m110_r","structtype":"zset","x":341.6666564941406,"y":1087.666748046875,"z":"7aee61c6.8511a","wires":[["a8dfa1b3.57206"]]},{"id":"a8dfa1b3.57206","type":"function","name":"sort","useRequire":false,"func":"var ob = msg.payload\nvar temp = []\n\nfor(var i = 0 ;i < ob.length;i+=2){\n\ttemp.push(ob[i])\n}\nvar sort_ok = temp.sort()\nvar out = []\nfor(var i = 0;i<sort_ok.length; i++){\n\tout.push(temp[i]);\n\tfor(var j=0;j<ob.length;j+=2){\n\t\tif(ob[j] == temp[i]){\n\t\t\tout.push(parseFloat(ob[j+1]).toFixed(2))\n\t\t}\n\t\t}\n}\nmsg.payload = out\nreturn msg","outputs":1,"x":550.9522705078125,"y":1084.6667556762695,"z":"7aee61c6.8511a","wires":[["b5f80b98.4a07f8"]]},{"id":"b5f80b98.4a07f8","type":"function","name":"re_m110_r","useRequire":false,"func":"var tmp = []\nvar payload = []\n\nfor(var i=0;i<msg.payload.length;i+=2){\n\t\n \t   \ttmp = msg.payload[i+1]\n    \tvar item = msg.payload[i]\n    \tpayload.push([item,parseFloat(tmp)])\n\n}\n\npayload = {'value':payload}\nmsg.payload = {'MsgID':'adminpush_linere_m110_r','username':'admin','payload':payload}\nmsg.payload = JSON.stringify(msg.payload);\nreturn msg;","outputs":1,"x":716.8094482421875,"y":1084.9524612426758,"z":"7aee61c6.8511a","wires":[["2f059c8f.d0fa64"]]},{"id":"2f059c8f.d0fa64","type":"redisPub","name":"re_m110_r","host":"127.0.0.1","port":6379,"user":"","passwd":"","channel":"adminpush_linere_m110_r","x":947.8093872070312,"y":1090.3810424804688,"z":"7aee61c6.8511a","wires":[]},{"id":"c436ad31.3bc95","type":"redis in","hostname":"127.0.0.1","port":6379,"name":"re_m111_r","key":"re_m111_r","structtype":"zset","x":342.6666564941406,"y":1138.666748046875,"z":"7aee61c6.8511a","wires":[["2023f169.dfdc0e"]]},{"id":"2023f169.dfdc0e","type":"function","name":"sort","useRequire":false,"func":"var ob = msg.payload\nvar temp = []\n\nfor(var i = 0 ;i < ob.length;i+=2){\n\ttemp.push(ob[i])\n}\nvar sort_ok = temp.sort()\nvar out = []\nfor(var i = 0;i<sort_ok.length; i++){\n\tout.push(temp[i]);\n\tfor(var j=0;j<ob.length;j+=2){\n\t\tif(ob[j] == temp[i]){\n\t\t\tout.push(parseFloat(ob[j+1]).toFixed(2))\n\t\t}\n\t\t}\n}\nmsg.payload = out\nreturn msg","outputs":1,"x":551.9522705078125,"y":1135.6667556762695,"z":"7aee61c6.8511a","wires":[["970575c3.68fa88"]]},{"id":"970575c3.68fa88","type":"function","name":"re_m111_r","useRequire":false,"func":"var tmp = []\nvar payload = []\n\nfor(var i=0;i<msg.payload.length;i+=2){\n\t\n \t   \ttmp = msg.payload[i+1]\n    \tvar item = msg.payload[i]\n    \tpayload.push([item,parseFloat(tmp)])\n\n}\n\npayload = {'value':payload}\nmsg.payload = {'MsgID':'adminpush_linere_m111_r','username':'admin','payload':payload}\nmsg.payload = JSON.stringify(msg.payload);\nreturn msg;","outputs":1,"x":717.8094482421875,"y":1135.9524612426758,"z":"7aee61c6.8511a","wires":[["4afd8529.b5027c"]]},{"id":"4afd8529.b5027c","type":"redisPub","name":"re_m111_r","host":"127.0.0.1","port":6379,"user":"","passwd":"","channel":"adminpush_linere_m111_r","x":948.8093872070312,"y":1141.3810424804688,"z":"7aee61c6.8511a","wires":[]}]