[{"id":"3adcab09.c52354","type":"redis in","hostname":"127.0.0.1","port":6379,"name":"sc_inr_q1","key":"sc_inr_q1","structtype":"zset","x":604.8147583007812,"y":733.1481323242188,"z":"da8ec8b6.257138","wires":[["aae756ea.5518a8"]]},{"id":"aae756ea.5518a8","type":"function","name":"sort","useRequire":false,"func":"var ob = msg.payload\nvar temp = []\n\nfor(var i = 0 ;i < ob.length;i+=2){\n\ttemp.push(ob[i])\n}\nvar sort_ok = temp.sort()\nvar out = []\nfor(var i = 0;i<sort_ok.length; i++){\n\tout.push(temp[i]);\n\tfor(var j=0;j<ob.length;j+=2){\n\t\tif(ob[j] == temp[i]){\n\t\t\tout.push(parseFloat(ob[j+1]).toFixed(2))\n\t\t}\n\t\t}\n}\nmsg.payload = out\nreturn msg","outputs":1,"x":814.1003723144531,"y":730.1481399536133,"z":"da8ec8b6.257138","wires":[["a973a675.568c58"]]},{"id":"a973a675.568c58","type":"function","name":"sc_inr_q1","useRequire":false,"func":"var tmp = []\nvar payload = []\n\nfor(var i=0;i<msg.payload.length;i+=2){\n\t\n \t   \ttmp = msg.payload[i+1]\n    \tvar item = msg.payload[i]\n    \tpayload.push([item,parseFloat(tmp)])\n\n}\n\npayload = {'value':payload}\nmsg.payload = {'MsgID':'adminpush_linesc_inr_q1','username':'admin','payload':payload}\nmsg.payload = JSON.stringify(msg.payload);\nreturn msg;","outputs":1,"x":979.9575500488281,"y":730.4338455200195,"z":"da8ec8b6.257138","wires":[["706e4704.8f91b8"]]},{"id":"706e4704.8f91b8","type":"redisPub","name":"sc_inr_q1","host":"127.0.0.1","port":6379,"user":"","passwd":"","channel":"adminpush_linesc_inr_q1","x":1210.9574890136719,"y":735.8624267578125,"z":"da8ec8b6.257138","wires":[]},{"id":"91e2be8a.6e1d4","type":"redis in","hostname":"127.0.0.1","port":6379,"name":"sc_inr_q2","key":"sc_inr_q2","structtype":"zset","x":597.2433166503906,"y":781.0052947998047,"z":"da8ec8b6.257138","wires":[["9a0aeea9.65f51"]]},{"id":"9a0aeea9.65f51","type":"function","name":"sort","useRequire":false,"func":"var ob = msg.payload\nvar temp = []\n\nfor(var i = 0 ;i < ob.length;i+=2){\n\ttemp.push(ob[i])\n}\nvar sort_ok = temp.sort()\nvar out = []\nfor(var i = 0;i<sort_ok.length; i++){\n\tout.push(temp[i]);\n\tfor(var j=0;j<ob.length;j+=2){\n\t\tif(ob[j] == temp[i]){\n\t\t\tout.push(parseFloat(ob[j+1]).toFixed(2))\n\t\t}\n\t\t}\n}\nmsg.payload = out\nreturn msg","outputs":1,"x":806.5289306640625,"y":778.0053024291992,"z":"da8ec8b6.257138","wires":[["146e5ecc.eb91a1"]]},{"id":"146e5ecc.eb91a1","type":"function","name":"sc_inr_q2","useRequire":false,"func":"var tmp = []\nvar payload = []\n\nfor(var i=0;i<msg.payload.length;i+=2){\n\t\n \t   \ttmp = msg.payload[i+1]\n    \tvar item = msg.payload[i]\n    \tpayload.push([item,parseFloat(tmp)])\n\n}\n\npayload = {'value':payload}\nmsg.payload = {'MsgID':'adminpush_linesc_inr_q2','username':'admin','payload':payload}\nmsg.payload = JSON.stringify(msg.payload);\nreturn msg;","outputs":1,"x":972.3861083984375,"y":778.2910079956055,"z":"da8ec8b6.257138","wires":[["5a5284d.fa5ad7c"]]},{"id":"5a5284d.fa5ad7c","type":"redisPub","name":"sc_inr_q2","host":"127.0.0.1","port":6379,"user":"","passwd":"","channel":"adminpush_linesc_inr_q2","x":1208.386001586914,"y":782.052921295166,"z":"da8ec8b6.257138","wires":[]},{"id":"90850d0f.6f7af","type":"redis in","hostname":"127.0.0.1","port":6379,"name":"sc_inr_q3","key":"sc_inr_q3","structtype":"zset","x":607.2433166503906,"y":832.0052947998047,"z":"da8ec8b6.257138","wires":[["78b3e1e3.874c2"]]},{"id":"78b3e1e3.874c2","type":"function","name":"sort","useRequire":false,"func":"var ob = msg.payload\nvar temp = []\n\nfor(var i = 0 ;i < ob.length;i+=2){\n\ttemp.push(ob[i])\n}\nvar sort_ok = temp.sort()\nvar out = []\nfor(var i = 0;i<sort_ok.length; i++){\n\tout.push(temp[i]);\n\tfor(var j=0;j<ob.length;j+=2){\n\t\tif(ob[j] == temp[i]){\n\t\t\tout.push(parseFloat(ob[j+1]).toFixed(2))\n\t\t}\n\t\t}\n}\nmsg.payload = out\nreturn msg","outputs":1,"x":816.5289306640625,"y":829.0053024291992,"z":"da8ec8b6.257138","wires":[["f6ac5d78.0953a"]]},{"id":"f6ac5d78.0953a","type":"function","name":"sc_inr_q3","useRequire":false,"func":"var tmp = []\nvar payload = []\n\nfor(var i=0;i<msg.payload.length;i+=2){\n\t\n \t   \ttmp = msg.payload[i+1]\n    \tvar item = msg.payload[i]\n    \tpayload.push([item,parseFloat(tmp)])\n\n}\n\npayload = {'value':payload}\nmsg.payload = {'MsgID':'adminpush_linesc_inr_q3','username':'admin','payload':payload}\nmsg.payload = JSON.stringify(msg.payload);\nreturn msg;","outputs":1,"x":982.3861083984375,"y":829.2910079956055,"z":"da8ec8b6.257138","wires":[["271c55a4.d8e3aa"]]},{"id":"271c55a4.d8e3aa","type":"redisPub","name":"sc_inr_q3","host":"127.0.0.1","port":6379,"user":"","passwd":"","channel":"adminpush_linesc_inr_q3","x":1213.3860473632812,"y":834.7195892333984,"z":"da8ec8b6.257138","wires":[]},{"id":"b9e594fe.461a68","type":"redis in","hostname":"127.0.0.1","port":6379,"name":"sc_inr_q4","key":"sc_inr_q4","structtype":"zset","x":599.671875,"y":879.8624572753906,"z":"da8ec8b6.257138","wires":[["89282c7d.76d7d"]]},{"id":"89282c7d.76d7d","type":"function","name":"sort","useRequire":false,"func":"var ob = msg.payload\nvar temp = []\n\nfor(var i = 0 ;i < ob.length;i+=2){\n\ttemp.push(ob[i])\n}\nvar sort_ok = temp.sort()\nvar out = []\nfor(var i = 0;i<sort_ok.length; i++){\n\tout.push(temp[i]);\n\tfor(var j=0;j<ob.length;j+=2){\n\t\tif(ob[j] == temp[i]){\n\t\t\tout.push(parseFloat(ob[j+1]).toFixed(2))\n\t\t}\n\t\t}\n}\nmsg.payload = out\nreturn msg","outputs":1,"x":808.9574890136719,"y":876.8624649047852,"z":"da8ec8b6.257138","wires":[["1254e351.edab1d"]]},{"id":"1254e351.edab1d","type":"function","name":"sc_inr_q4","useRequire":false,"func":"var tmp = []\nvar payload = []\n\nfor(var i=0;i<msg.payload.length;i+=2){\n\t\n \t   \ttmp = msg.payload[i+1]\n    \tvar item = msg.payload[i]\n    \tpayload.push([item,parseFloat(tmp)])\n\n}\n\npayload = {'value':payload}\nmsg.payload = {'MsgID':'adminpush_linesc_inr_qq4','username':'admin','payload':payload}\nmsg.payload = JSON.stringify(msg.payload);\nreturn msg;","outputs":1,"x":974.8146667480469,"y":877.1481704711914,"z":"da8ec8b6.257138","wires":[["fdd4e551.022b18"]]},{"id":"fdd4e551.022b18","type":"redisPub","name":"sc_inr_q4","host":"127.0.0.1","port":6379,"user":"","passwd":"","channel":"adminpush_linesc_inr_q4","x":1205.8146057128906,"y":882.5767517089844,"z":"da8ec8b6.257138","wires":[]},{"id":"e221e73.f1dde18","type":"redis in","hostname":"127.0.0.1","port":6379,"name":"sc_inr_m14","key":"sc_inr_m14","structtype":"zset","x":613.1481323242188,"y":1026.4814453125,"z":"da8ec8b6.257138","wires":[["a471ae87.5b8e5"]]},{"id":"a471ae87.5b8e5","type":"function","name":"sort","useRequire":false,"func":"var ob = msg.payload\nvar temp = []\n\nfor(var i = 0 ;i < ob.length;i+=2){\n\ttemp.push(ob[i])\n}\nvar sort_ok = temp.sort()\nvar out = []\nfor(var i = 0;i<sort_ok.length; i++){\n\tout.push(temp[i]);\n\tfor(var j=0;j<ob.length;j+=2){\n\t\tif(ob[j] == temp[i]){\n\t\t\tout.push(parseFloat(ob[j+1]).toFixed(2))\n\t\t}\n\t\t}\n}\nmsg.payload = out\nreturn msg","outputs":1,"x":822.4337463378906,"y":1023.4814529418945,"z":"da8ec8b6.257138","wires":[["9271968c.6d8e68"]]},{"id":"9271968c.6d8e68","type":"function","name":"sc_inr_m14","useRequire":false,"func":"var tmp = []\nvar payload = []\n\nfor(var i=0;i<msg.payload.length;i+=2){\n\t\n \t   \ttmp = msg.payload[i+1]\n    \tvar item = msg.payload[i]\n    \tpayload.push([item,parseFloat(tmp)])\n\n}\n\npayload = {'value':payload}\nmsg.payload = {'MsgID':'adminpush_linesc_inr_m14','username':'admin','payload':payload}\nmsg.payload = JSON.stringify(msg.payload);\nreturn msg;","outputs":1,"x":988.2909240722656,"y":1023.7671585083008,"z":"da8ec8b6.257138","wires":[["ffcbe1df.00342"]]},{"id":"ffcbe1df.00342","type":"redisPub","name":"sc_inr_m14","host":"127.0.0.1","port":6379,"user":"","passwd":"","channel":"adminpush_linesc_inr_m14","x":1219.2908630371094,"y":1029.1957397460938,"z":"da8ec8b6.257138","wires":[]},{"id":"93836963.6c7c98","type":"redis in","hostname":"127.0.0.1","port":6379,"name":"sc_inr_m15","key":"sc_inr_m15","structtype":"zset","x":614.1481323242188,"y":1077.4814453125,"z":"da8ec8b6.257138","wires":[["7aa96905.855698"]]},{"id":"7aa96905.855698","type":"function","name":"sort","useRequire":false,"func":"var ob = msg.payload\nvar temp = []\n\nfor(var i = 0 ;i < ob.length;i+=2){\n\ttemp.push(ob[i])\n}\nvar sort_ok = temp.sort()\nvar out = []\nfor(var i = 0;i<sort_ok.length; i++){\n\tout.push(temp[i]);\n\tfor(var j=0;j<ob.length;j+=2){\n\t\tif(ob[j] == temp[i]){\n\t\t\tout.push(parseFloat(ob[j+1]).toFixed(2))\n\t\t}\n\t\t}\n}\nmsg.payload = out\nreturn msg","outputs":1,"x":823.4337463378906,"y":1074.4814529418945,"z":"da8ec8b6.257138","wires":[["13331e80.eccce2"]]},{"id":"13331e80.eccce2","type":"function","name":"sc_inr_m15","useRequire":false,"func":"var tmp = []\nvar payload = []\n\nfor(var i=0;i<msg.payload.length;i+=2){\n\t\n \t   \ttmp = msg.payload[i+1]\n    \tvar item = msg.payload[i]\n    \tpayload.push([item,parseFloat(tmp)])\n\n}\n\npayload = {'value':payload}\nmsg.payload = {'MsgID':'adminpush_linesc_inr_m15','username':'admin','payload':payload}\nmsg.payload = JSON.stringify(msg.payload);\nreturn msg;","outputs":1,"x":989.2909240722656,"y":1074.7671585083008,"z":"da8ec8b6.257138","wires":[["53a9bdbe.ac5644"]]},{"id":"53a9bdbe.ac5644","type":"redisPub","name":"sc_inr_m15","host":"127.0.0.1","port":6379,"user":"","passwd":"","channel":"adminpush_linesc_inr_m15","x":1220.2908630371094,"y":1080.1957397460938,"z":"da8ec8b6.257138","wires":[]},{"id":"2de6c422.d2193c","type":"redis in","hostname":"127.0.0.1","port":6379,"name":"sc_inr_m17","key":"sc_inr_m17","structtype":"zset","x":609.1481323242188,"y":1125.4814758300781,"z":"da8ec8b6.257138","wires":[["b3d8fcfa.4c27"]]},{"id":"b3d8fcfa.4c27","type":"function","name":"sort","useRequire":false,"func":"var ob = msg.payload\nvar temp = []\n\nfor(var i = 0 ;i < ob.length;i+=2){\n\ttemp.push(ob[i])\n}\nvar sort_ok = temp.sort()\nvar out = []\nfor(var i = 0;i<sort_ok.length; i++){\n\tout.push(temp[i]);\n\tfor(var j=0;j<ob.length;j+=2){\n\t\tif(ob[j] == temp[i]){\n\t\t\tout.push(parseFloat(ob[j+1]).toFixed(2))\n\t\t}\n\t\t}\n}\nmsg.payload = out\nreturn msg","outputs":1,"x":818.4337463378906,"y":1122.4814834594727,"z":"da8ec8b6.257138","wires":[["6370d12d.9c8f3"]]},{"id":"6370d12d.9c8f3","type":"function","name":"sc_inr_m17","useRequire":false,"func":"var tmp = []\nvar payload = []\n\nfor(var i=0;i<msg.payload.length;i+=2){\n\t\n \t   \ttmp = msg.payload[i+1]\n    \tvar item = msg.payload[i]\n    \tpayload.push([item,parseFloat(tmp)])\n\n}\n\npayload = {'value':payload}\nmsg.payload = {'MsgID':'adminpush_linesc_inr_m17','username':'admin','payload':payload}\nmsg.payload = JSON.stringify(msg.payload);\nreturn msg;","outputs":1,"x":984.2909240722656,"y":1122.767189025879,"z":"da8ec8b6.257138","wires":[["8b9aaa29.746558"]]},{"id":"8b9aaa29.746558","type":"redisPub","name":"sc_inr_m17","host":"127.0.0.1","port":6379,"user":"","passwd":"","channel":"adminpush_linesc_inr_m17","x":1215.2908630371094,"y":1128.1957702636719,"z":"da8ec8b6.257138","wires":[]},{"id":"338750d0.cc78b","type":"redis in","hostname":"127.0.0.1","port":6379,"name":"sc_inr_m18","key":"sc_inr_m18","structtype":"zset","x":610.1481323242188,"y":1176.4814453125,"z":"da8ec8b6.257138","wires":[["346a854d.cb957a"]]},{"id":"346a854d.cb957a","type":"function","name":"sort","useRequire":false,"func":"var ob = msg.payload\nvar temp = []\n\nfor(var i = 0 ;i < ob.length;i+=2){\n\ttemp.push(ob[i])\n}\nvar sort_ok = temp.sort()\nvar out = []\nfor(var i = 0;i<sort_ok.length; i++){\n\tout.push(temp[i]);\n\tfor(var j=0;j<ob.length;j+=2){\n\t\tif(ob[j] == temp[i]){\n\t\t\tout.push(parseFloat(ob[j+1]).toFixed(2))\n\t\t}\n\t\t}\n}\nmsg.payload = out\nreturn msg","outputs":1,"x":819.4337463378906,"y":1173.4814529418945,"z":"da8ec8b6.257138","wires":[["8fb92a2b.7046d8"]]},{"id":"8fb92a2b.7046d8","type":"function","name":"sc_inr_m18","useRequire":false,"func":"var tmp = []\nvar payload = []\n\nfor(var i=0;i<msg.payload.length;i+=2){\n\t\n \t   \ttmp = msg.payload[i+1]\n    \tvar item = msg.payload[i]\n    \tpayload.push([item,parseFloat(tmp)])\n\n}\n\npayload = {'value':payload}\nmsg.payload = {'MsgID':'adminpush_linesc_inr_m18','username':'admin','payload':payload}\nmsg.payload = JSON.stringify(msg.payload);\nreturn msg;","outputs":1,"x":985.2909240722656,"y":1173.7671585083008,"z":"da8ec8b6.257138","wires":[["65e9c6d5.9a1638"]]},{"id":"65e9c6d5.9a1638","type":"redisPub","name":"sc_inr_m18","host":"127.0.0.1","port":6379,"user":"","passwd":"","channel":"adminpush_linesc_inr_m18","x":1216.2908630371094,"y":1179.1957397460938,"z":"da8ec8b6.257138","wires":[]},{"id":"a7a87526.585788","type":"redis in","hostname":"127.0.0.1","port":6379,"name":"sc_inr_m110","key":"sc_inr_m110","structtype":"zset","x":605.1481323242188,"y":1224.4814758300781,"z":"da8ec8b6.257138","wires":[["1639dcbf.e9c623"]]},{"id":"1639dcbf.e9c623","type":"function","name":"sort","useRequire":false,"func":"var ob = msg.payload\nvar temp = []\n\nfor(var i = 0 ;i < ob.length;i+=2){\n\ttemp.push(ob[i])\n}\nvar sort_ok = temp.sort()\nvar out = []\nfor(var i = 0;i<sort_ok.length; i++){\n\tout.push(temp[i]);\n\tfor(var j=0;j<ob.length;j+=2){\n\t\tif(ob[j] == temp[i]){\n\t\t\tout.push(parseFloat(ob[j+1]).toFixed(2))\n\t\t}\n\t\t}\n}\nmsg.payload = out\nreturn msg","outputs":1,"x":814.4337463378906,"y":1221.4814834594727,"z":"da8ec8b6.257138","wires":[["509e3c6c.af61c4"]]},{"id":"509e3c6c.af61c4","type":"function","name":"sc_inr_m110","useRequire":false,"func":"var tmp = []\nvar payload = []\n\nfor(var i=0;i<msg.payload.length;i+=2){\n\t\n \t   \ttmp = msg.payload[i+1]\n    \tvar item = msg.payload[i]\n    \tpayload.push([item,parseFloat(tmp)])\n\n}\n\npayload = {'value':payload}\nmsg.payload = {'MsgID':'adminpush_linesc_inr_m110','username':'admin','payload':payload}\nmsg.payload = JSON.stringify(msg.payload);\nreturn msg;","outputs":1,"x":980.2909240722656,"y":1221.767189025879,"z":"da8ec8b6.257138","wires":[["de0104d2.21fef8"]]},{"id":"de0104d2.21fef8","type":"redisPub","name":"sc_inr_m110","host":"127.0.0.1","port":6379,"user":"","passwd":"","channel":"adminpush_linesc_inr_m110","x":1211.2908630371094,"y":1227.1957702636719,"z":"da8ec8b6.257138","wires":[]},{"id":"c09b3c38.3f64c","type":"redis in","hostname":"127.0.0.1","port":6379,"name":"sc_inr_m111","key":"sc_inr_m111","structtype":"zset","x":606.1481323242188,"y":1275.4814758300781,"z":"da8ec8b6.257138","wires":[["61ad35b0.9e52cc"]]},{"id":"61ad35b0.9e52cc","type":"function","name":"sort","useRequire":false,"func":"var ob = msg.payload\nvar temp = []\n\nfor(var i = 0 ;i < ob.length;i+=2){\n\ttemp.push(ob[i])\n}\nvar sort_ok = temp.sort()\nvar out = []\nfor(var i = 0;i<sort_ok.length; i++){\n\tout.push(temp[i]);\n\tfor(var j=0;j<ob.length;j+=2){\n\t\tif(ob[j] == temp[i]){\n\t\t\tout.push(parseFloat(ob[j+1]).toFixed(2))\n\t\t}\n\t\t}\n}\nmsg.payload = out\nreturn msg","outputs":1,"x":815.4337463378906,"y":1272.4814834594727,"z":"da8ec8b6.257138","wires":[["7b532728.84acd8"]]},{"id":"7b532728.84acd8","type":"function","name":"sc_inr_m111","useRequire":false,"func":"var tmp = []\nvar payload = []\n\nfor(var i=0;i<msg.payload.length;i+=2){\n\t\n \t   \ttmp = msg.payload[i+1]\n    \tvar item = msg.payload[i]\n    \tpayload.push([item,parseFloat(tmp)])\n\n}\n\npayload = {'value':payload}\nmsg.payload = {'MsgID':'adminpush_linesc_inr_m111','username':'admin','payload':payload}\nmsg.payload = JSON.stringify(msg.payload);\nreturn msg;","outputs":1,"x":981.2909240722656,"y":1272.767189025879,"z":"da8ec8b6.257138","wires":[["ca89adb1.35765"]]},{"id":"ca89adb1.35765","type":"redisPub","name":"sc_inr_m111","host":"127.0.0.1","port":6379,"user":"","passwd":"","channel":"adminpush_linesc_inr_m111","x":1212.2908630371094,"y":1278.1957702636719,"z":"da8ec8b6.257138","wires":[]},{"id":"9ecbe3af.61342","type":"redis in","hostname":"127.0.0.1","port":6379,"name":"sc_inr_m12","key":"sc_inr_m12","structtype":"zset","x":614.8148078918457,"y":974.8147258758545,"z":"da8ec8b6.257138","wires":[["f4f234c1.0b0dc8"]]},{"id":"f4f234c1.0b0dc8","type":"function","name":"sort","useRequire":false,"func":"var ob = msg.payload\nvar temp = []\n\nfor(var i = 0 ;i < ob.length;i+=2){\n\ttemp.push(ob[i])\n}\nvar sort_ok = temp.sort()\nvar out = []\nfor(var i = 0;i<sort_ok.length; i++){\n\tout.push(temp[i]);\n\tfor(var j=0;j<ob.length;j+=2){\n\t\tif(ob[j] == temp[i]){\n\t\t\tout.push(parseFloat(ob[j+1]).toFixed(2))\n\t\t}\n\t\t}\n}\nmsg.payload = out\nreturn msg","outputs":1,"x":824.1004219055176,"y":971.814733505249,"z":"da8ec8b6.257138","wires":[["97abb399.68545"]]},{"id":"97abb399.68545","type":"function","name":"sc_inr_m12","useRequire":false,"func":"var tmp = []\nvar payload = []\n\nfor(var i=0;i<msg.payload.length;i+=2){\n\t\n \t   \ttmp = msg.payload[i+1]\n    \tvar item = msg.payload[i]\n    \tpayload.push([item,parseFloat(tmp)])\n\n}\n\npayload = {'value':payload}\nmsg.payload = {'MsgID':'adminpush_linesc_inr_m12','username':'admin','payload':payload}\nmsg.payload = JSON.stringify(msg.payload);\nreturn msg;","outputs":1,"x":989.9575996398926,"y":972.1004390716553,"z":"da8ec8b6.257138","wires":[["30ddd783.cf2228"]]},{"id":"30ddd783.cf2228","type":"redisPub","name":"sc_inr_m12","host":"127.0.0.1","port":6379,"user":"","passwd":"","channel":"adminpush_linesc_inr_m12","x":1220.9575386047363,"y":977.5290203094482,"z":"da8ec8b6.257138","wires":[]},{"id":"96b07a0a.694f88","type":"inject","name":"","topic":"","payload":"","payloadType":"date","repeat":"1","crontab":"","once":false,"x":328.148157119751,"y":978.148063659668,"z":"da8ec8b6.257138","wires":[["3adcab09.c52354","91e2be8a.6e1d4","90850d0f.6f7af","b9e594fe.461a68","9ecbe3af.61342","e221e73.f1dde18","93836963.6c7c98","2de6c422.d2193c","338750d0.cc78b","a7a87526.585788","c09b3c38.3f64c"]]},{"id":"ed1127ac.12eed8","type":"redis in","hostname":"127.0.0.1","port":6379,"name":"sc_in_q1","key":"sc_in_q1","structtype":"zset","x":528.1481323242188,"y":86.48147583007812,"z":"da8ec8b6.257138","wires":[["acc24a64.533db8"]]},{"id":"acc24a64.533db8","type":"function","name":"sort","useRequire":false,"func":"var ob = msg.payload\nvar temp = []\n\nfor(var i = 0 ;i < ob.length;i+=2){\n\ttemp.push(ob[i])\n}\nvar sort_ok = temp.sort()\nvar out = []\nfor(var i = 0;i<sort_ok.length; i++){\n\tout.push(temp[i]);\n\tfor(var j=0;j<ob.length;j+=2){\n\t\tif(ob[j] == temp[i]){\n\t\t\tout.push(parseFloat(ob[j+1]).toFixed(2))\n\t\t}\n\t\t}\n}\nmsg.payload = out\nreturn msg","outputs":1,"x":737.4337463378906,"y":83.48148345947266,"z":"da8ec8b6.257138","wires":[["8894d965.776b28"]]},{"id":"8894d965.776b28","type":"function","name":"sc_in_q1","useRequire":false,"func":"var tmp = []\nvar payload = []\n\nfor(var i=0;i<msg.payload.length;i+=2){\n\t\n \t   \ttmp = msg.payload[i+1]\n    \tvar item = msg.payload[i]\n    \tpayload.push([item,parseFloat(tmp)])\n\n}\n\npayload = {'value':payload}\nmsg.payload = {'MsgID':'adminpush_columnsc_in_q1','username':'admin','payload':payload}\nmsg.payload = JSON.stringify(msg.payload);\nreturn msg;","outputs":1,"x":903.2909240722656,"y":83.7671890258789,"z":"da8ec8b6.257138","wires":[["571f2463.a8e0dc"]]},{"id":"571f2463.a8e0dc","type":"redisPub","name":"sc_in_q1","host":"127.0.0.1","port":6379,"user":"","passwd":"","channel":"adminpush_columnsc_in_q1","x":1134.2908630371094,"y":89.19577026367188,"z":"da8ec8b6.257138","wires":[]},{"id":"ee5173d.f11ae9","type":"redis in","hostname":"127.0.0.1","port":6379,"name":"sc_in_q2","key":"sc_in_q2","structtype":"zset","x":520.5766906738281,"y":134.33863830566406,"z":"da8ec8b6.257138","wires":[["1c5eec8c.e3a113"]]},{"id":"1c5eec8c.e3a113","type":"function","name":"sort","useRequire":false,"func":"var ob = msg.payload\nvar temp = []\n\nfor(var i = 0 ;i < ob.length;i+=2){\n\ttemp.push(ob[i])\n}\nvar sort_ok = temp.sort()\nvar out = []\nfor(var i = 0;i<sort_ok.length; i++){\n\tout.push(temp[i]);\n\tfor(var j=0;j<ob.length;j+=2){\n\t\tif(ob[j] == temp[i]){\n\t\t\tout.push(parseFloat(ob[j+1]).toFixed(2))\n\t\t}\n\t\t}\n}\nmsg.payload = out\nreturn msg","outputs":1,"x":729.8623046875,"y":131.3386459350586,"z":"da8ec8b6.257138","wires":[["e87dd287.17823"]]},{"id":"e87dd287.17823","type":"function","name":"sc_in_q2","useRequire":false,"func":"var tmp = []\nvar payload = []\n\nfor(var i=0;i<msg.payload.length;i+=2){\n\t\n \t   \ttmp = msg.payload[i+1]\n    \tvar item = msg.payload[i]\n    \tpayload.push([item,parseFloat(tmp)])\n\n}\n\npayload = {'value':payload}\nmsg.payload = {'MsgID':'adminpush_columnsc_in_q2','username':'admin','payload':payload}\nmsg.payload = JSON.stringify(msg.payload);\nreturn msg;","outputs":1,"x":895.719482421875,"y":131.62435150146484,"z":"da8ec8b6.257138","wires":[["1b83cece.e47c31"]]},{"id":"1b83cece.e47c31","type":"redisPub","name":"sc_in_q2","host":"127.0.0.1","port":6379,"user":"","passwd":"","channel":"adminpush_columnsc_in_q2","x":1131.7193756103516,"y":135.3862648010254,"z":"da8ec8b6.257138","wires":[]},{"id":"e4402940.1bbfd8","type":"redis in","hostname":"127.0.0.1","port":6379,"name":"sc_in_q3","key":"sc_in_q3","structtype":"zset","x":530.5766906738281,"y":185.33863830566406,"z":"da8ec8b6.257138","wires":[["9b115fe9.64eea"]]},{"id":"9b115fe9.64eea","type":"function","name":"sort","useRequire":false,"func":"var ob = msg.payload\nvar temp = []\n\nfor(var i = 0 ;i < ob.length;i+=2){\n\ttemp.push(ob[i])\n}\nvar sort_ok = temp.sort()\nvar out = []\nfor(var i = 0;i<sort_ok.length; i++){\n\tout.push(temp[i]);\n\tfor(var j=0;j<ob.length;j+=2){\n\t\tif(ob[j] == temp[i]){\n\t\t\tout.push(parseFloat(ob[j+1]).toFixed(2))\n\t\t}\n\t\t}\n}\nmsg.payload = out\nreturn msg","outputs":1,"x":739.8623046875,"y":182.3386459350586,"z":"da8ec8b6.257138","wires":[["86197dd6.79e68"]]},{"id":"86197dd6.79e68","type":"function","name":"sc_in_q3","useRequire":false,"func":"var tmp = []\nvar payload = []\n\nfor(var i=0;i<msg.payload.length;i+=2){\n\t\n \t   \ttmp = msg.payload[i+1]\n    \tvar item = msg.payload[i]\n    \tpayload.push([item,parseFloat(tmp)])\n\n}\n\npayload = {'value':payload}\nmsg.payload = {'MsgID':'adminpush_columnsc_in_q3','username':'admin','payload':payload}\nmsg.payload = JSON.stringify(msg.payload);\nreturn msg;","outputs":1,"x":905.719482421875,"y":182.62435150146484,"z":"da8ec8b6.257138","wires":[["9f6732e0.6098d"]]},{"id":"9f6732e0.6098d","type":"redisPub","name":"sc_in_q3","host":"127.0.0.1","port":6379,"user":"","passwd":"","channel":"adminpush_columnsc_in_q3","x":1136.7194213867188,"y":188.0529327392578,"z":"da8ec8b6.257138","wires":[]},{"id":"cd2624dc.32d9d8","type":"redis in","hostname":"127.0.0.1","port":6379,"name":"sc_in_q4","key":"sc_in_q4","structtype":"zset","x":523.0052490234375,"y":233.19580078125,"z":"da8ec8b6.257138","wires":[["b62efaef.49d108"]]},{"id":"b62efaef.49d108","type":"function","name":"sort","useRequire":false,"func":"var ob = msg.payload\nvar temp = []\n\nfor(var i = 0 ;i < ob.length;i+=2){\n\ttemp.push(ob[i])\n}\nvar sort_ok = temp.sort()\nvar out = []\nfor(var i = 0;i<sort_ok.length; i++){\n\tout.push(temp[i]);\n\tfor(var j=0;j<ob.length;j+=2){\n\t\tif(ob[j] == temp[i]){\n\t\t\tout.push(parseFloat(ob[j+1]).toFixed(2))\n\t\t}\n\t\t}\n}\nmsg.payload = out\nreturn msg","outputs":1,"x":732.2908630371094,"y":230.19580841064453,"z":"da8ec8b6.257138","wires":[["143470d1.ebcb8f"]]},{"id":"143470d1.ebcb8f","type":"function","name":"sc_in_q4","useRequire":false,"func":"var tmp = []\nvar payload = []\n\nfor(var i=0;i<msg.payload.length;i+=2){\n\t\n \t   \ttmp = msg.payload[i+1]\n    \tvar item = msg.payload[i]\n    \tpayload.push([item,parseFloat(tmp)])\n\n}\n\npayload = {'value':payload}\nmsg.payload = {'MsgID':'adminpush_columnsc_in_q4','username':'admin','payload':payload}\nmsg.payload = JSON.stringify(msg.payload);\nreturn msg;","outputs":1,"x":898.1480407714844,"y":230.48151397705078,"z":"da8ec8b6.257138","wires":[["18776346.e7889d"]]},{"id":"18776346.e7889d","type":"redisPub","name":"sc_in_q4","host":"127.0.0.1","port":6379,"user":"","passwd":"","channel":"adminpush_columnsc_in_q4","x":1129.1479797363281,"y":235.91009521484375,"z":"da8ec8b6.257138","wires":[]},{"id":"12b1575a.ed4ea9","type":"redis in","hostname":"127.0.0.1","port":6379,"name":"sc_in_m14","key":"sc_in_m14","structtype":"zset","x":536.4815063476562,"y":379.8147888183594,"z":"da8ec8b6.257138","wires":[["74c9abea.8b3654"]]},{"id":"74c9abea.8b3654","type":"function","name":"sort","useRequire":false,"func":"var ob = msg.payload\nvar temp = []\n\nfor(var i = 0 ;i < ob.length;i+=2){\n\ttemp.push(ob[i])\n}\nvar sort_ok = temp.sort()\nvar out = []\nfor(var i = 0;i<sort_ok.length; i++){\n\tout.push(temp[i]);\n\tfor(var j=0;j<ob.length;j+=2){\n\t\tif(ob[j] == temp[i]){\n\t\t\tout.push(parseFloat(ob[j+1]).toFixed(2))\n\t\t}\n\t\t}\n}\nmsg.payload = out\nreturn msg","outputs":1,"x":745.7671203613281,"y":376.8147964477539,"z":"da8ec8b6.257138","wires":[["29825440.d67dac"]]},{"id":"29825440.d67dac","type":"function","name":"sc_in_m14","useRequire":false,"func":"var tmp = []\nvar payload = []\n\nfor(var i=0;i<msg.payload.length;i+=2){\n\t\n \t   \ttmp = msg.payload[i+1]\n    \tvar item = msg.payload[i]\n    \tpayload.push([item,parseFloat(tmp)])\n\n}\n\npayload = {'value':payload}\nmsg.payload = {'MsgID':'adminpush_columnsc_in_m14','username':'admin','payload':payload}\nmsg.payload = JSON.stringify(msg.payload);\nreturn msg;","outputs":1,"x":911.6242980957031,"y":377.10050201416016,"z":"da8ec8b6.257138","wires":[["81fdef3a.7e021"]]},{"id":"81fdef3a.7e021","type":"redisPub","name":"sc_in_m14","host":"127.0.0.1","port":6379,"user":"","passwd":"","channel":"adminpush_columnsc_in_m14","x":1142.6242370605469,"y":382.5290832519531,"z":"da8ec8b6.257138","wires":[]},{"id":"1421ee50.ebde12","type":"redis in","hostname":"127.0.0.1","port":6379,"name":"sc_in_m15","key":"sc_in_m15","structtype":"zset","x":537.4815063476562,"y":430.8147888183594,"z":"da8ec8b6.257138","wires":[["cff145c2.300eb8"]]},{"id":"cff145c2.300eb8","type":"function","name":"sort","useRequire":false,"func":"var ob = msg.payload\nvar temp = []\n\nfor(var i = 0 ;i < ob.length;i+=2){\n\ttemp.push(ob[i])\n}\nvar sort_ok = temp.sort()\nvar out = []\nfor(var i = 0;i<sort_ok.length; i++){\n\tout.push(temp[i]);\n\tfor(var j=0;j<ob.length;j+=2){\n\t\tif(ob[j] == temp[i]){\n\t\t\tout.push(parseFloat(ob[j+1]).toFixed(2))\n\t\t}\n\t\t}\n}\nmsg.payload = out\nreturn msg","outputs":1,"x":746.7671203613281,"y":427.8147964477539,"z":"da8ec8b6.257138","wires":[["45174301.bae8bc"]]},{"id":"45174301.bae8bc","type":"function","name":"sc_in_m15","useRequire":false,"func":"var tmp = []\nvar payload = []\n\nfor(var i=0;i<msg.payload.length;i+=2){\n\t\n \t   \ttmp = msg.payload[i+1]\n    \tvar item = msg.payload[i]\n    \tpayload.push([item,parseFloat(tmp)])\n\n}\n\npayload = {'value':payload}\nmsg.payload = {'MsgID':'adminpush_columnsc_in_m15','username':'admin','payload':payload}\nmsg.payload = JSON.stringify(msg.payload);\nreturn msg;","outputs":1,"x":912.6242980957031,"y":428.10050201416016,"z":"da8ec8b6.257138","wires":[["331732c3.cce8ce"]]},{"id":"331732c3.cce8ce","type":"redisPub","name":"sc_in_m15","host":"127.0.0.1","port":6379,"user":"","passwd":"","channel":"adminpush_columnsc_in_m15","x":1143.6242370605469,"y":433.5290832519531,"z":"da8ec8b6.257138","wires":[]},{"id":"50e4a7c7.af1b58","type":"redis in","hostname":"127.0.0.1","port":6379,"name":"sc_in_m17","key":"sc_in_m17","structtype":"zset","x":532.4815063476562,"y":478.8148193359375,"z":"da8ec8b6.257138","wires":[["2806dd41.d7f922"]]},{"id":"2806dd41.d7f922","type":"function","name":"sort","useRequire":false,"func":"var ob = msg.payload\nvar temp = []\n\nfor(var i = 0 ;i < ob.length;i+=2){\n\ttemp.push(ob[i])\n}\nvar sort_ok = temp.sort()\nvar out = []\nfor(var i = 0;i<sort_ok.length; i++){\n\tout.push(temp[i]);\n\tfor(var j=0;j<ob.length;j+=2){\n\t\tif(ob[j] == temp[i]){\n\t\t\tout.push(parseFloat(ob[j+1]).toFixed(2))\n\t\t}\n\t\t}\n}\nmsg.payload = out\nreturn msg","outputs":1,"x":741.7671203613281,"y":475.81482696533203,"z":"da8ec8b6.257138","wires":[["ecd5ae4d.132a5"]]},{"id":"ecd5ae4d.132a5","type":"function","name":"sc_in_m17","useRequire":false,"func":"var tmp = []\nvar payload = []\n\nfor(var i=0;i<msg.payload.length;i+=2){\n\t\n \t   \ttmp = msg.payload[i+1]\n    \tvar item = msg.payload[i]\n    \tpayload.push([item,parseFloat(tmp)])\n\n}\n\npayload = {'value':payload}\nmsg.payload = {'MsgID':'adminpush_columnsc_in_m17','username':'admin','payload':payload}\nmsg.payload = JSON.stringify(msg.payload);\nreturn msg;","outputs":1,"x":907.6242980957031,"y":476.1005325317383,"z":"da8ec8b6.257138","wires":[["c884a64.f377b58"]]},{"id":"c884a64.f377b58","type":"redisPub","name":"sc_in_m17","host":"127.0.0.1","port":6379,"user":"","passwd":"","channel":"adminpush_columnsc_in_m17","x":1138.6242370605469,"y":481.52911376953125,"z":"da8ec8b6.257138","wires":[]},{"id":"d3982557.2c67d8","type":"redis in","hostname":"127.0.0.1","port":6379,"name":"sc_in_m18","key":"sc_in_m18","structtype":"zset","x":533.4815063476562,"y":529.8147888183594,"z":"da8ec8b6.257138","wires":[["7ec26aa6.813d94"]]},{"id":"7ec26aa6.813d94","type":"function","name":"sort","useRequire":false,"func":"var ob = msg.payload\nvar temp = []\n\nfor(var i = 0 ;i < ob.length;i+=2){\n\ttemp.push(ob[i])\n}\nvar sort_ok = temp.sort()\nvar out = []\nfor(var i = 0;i<sort_ok.length; i++){\n\tout.push(temp[i]);\n\tfor(var j=0;j<ob.length;j+=2){\n\t\tif(ob[j] == temp[i]){\n\t\t\tout.push(parseFloat(ob[j+1]).toFixed(2))\n\t\t}\n\t\t}\n}\nmsg.payload = out\nreturn msg","outputs":1,"x":742.7671203613281,"y":526.8147964477539,"z":"da8ec8b6.257138","wires":[["bd923326.426dd"]]},{"id":"bd923326.426dd","type":"function","name":"sc_in_m18","useRequire":false,"func":"var tmp = []\nvar payload = []\n\nfor(var i=0;i<msg.payload.length;i+=2){\n\t\n \t   \ttmp = msg.payload[i+1]\n    \tvar item = msg.payload[i]\n    \tpayload.push([item,parseFloat(tmp)])\n\n}\n\npayload = {'value':payload}\nmsg.payload = {'MsgID':'adminpush_columnsc_in_m18','username':'admin','payload':payload}\nmsg.payload = JSON.stringify(msg.payload);\nreturn msg;","outputs":1,"x":908.6242980957031,"y":527.1005020141602,"z":"da8ec8b6.257138","wires":[["839b96bf.7c6468"]]},{"id":"839b96bf.7c6468","type":"redisPub","name":"sc_in_m18","host":"127.0.0.1","port":6379,"user":"","passwd":"","channel":"adminpush_columnsc_in_m18","x":1139.6242370605469,"y":532.5290832519531,"z":"da8ec8b6.257138","wires":[]},{"id":"22c16131.dd3e9e","type":"redis in","hostname":"127.0.0.1","port":6379,"name":"sc_in_m110","key":"sc_in_m110","structtype":"zset","x":528.4815063476562,"y":577.8148193359375,"z":"da8ec8b6.257138","wires":[["d923c222.26dc4"]]},{"id":"d923c222.26dc4","type":"function","name":"sort","useRequire":false,"func":"var ob = msg.payload\nvar temp = []\n\nfor(var i = 0 ;i < ob.length;i+=2){\n\ttemp.push(ob[i])\n}\nvar sort_ok = temp.sort()\nvar out = []\nfor(var i = 0;i<sort_ok.length; i++){\n\tout.push(temp[i]);\n\tfor(var j=0;j<ob.length;j+=2){\n\t\tif(ob[j] == temp[i]){\n\t\t\tout.push(parseFloat(ob[j+1]).toFixed(2))\n\t\t}\n\t\t}\n}\nmsg.payload = out\nreturn msg","outputs":1,"x":737.7671203613281,"y":574.814826965332,"z":"da8ec8b6.257138","wires":[["e899f6c5.176608"]]},{"id":"e899f6c5.176608","type":"function","name":"sc_in_m110","useRequire":false,"func":"var tmp = []\nvar payload = []\n\nfor(var i=0;i<msg.payload.length;i+=2){\n\t\n \t   \ttmp = msg.payload[i+1]\n    \tvar item = msg.payload[i]\n    \tpayload.push([item,parseFloat(tmp)])\n\n}\n\npayload = {'value':payload}\nmsg.payload = {'MsgID':'adminpush_columnsc_in_m110','username':'admin','payload':payload}\nmsg.payload = JSON.stringify(msg.payload);\nreturn msg;","outputs":1,"x":903.6242980957031,"y":575.1005325317383,"z":"da8ec8b6.257138","wires":[["37a744f.fc858bc"]]},{"id":"37a744f.fc858bc","type":"redisPub","name":"sc_in_m110","host":"127.0.0.1","port":6379,"user":"","passwd":"","channel":"adminpush_columnsc_in_m110","x":1134.6242370605469,"y":580.5291137695312,"z":"da8ec8b6.257138","wires":[]},{"id":"1a6aaf9b.e5955","type":"redis in","hostname":"127.0.0.1","port":6379,"name":"sc_in_m111","key":"sc_in_m111","structtype":"zset","x":529.4815063476562,"y":628.8148193359375,"z":"da8ec8b6.257138","wires":[["5681782f.a97e88"]]},{"id":"5681782f.a97e88","type":"function","name":"sort","useRequire":false,"func":"var ob = msg.payload\nvar temp = []\n\nfor(var i = 0 ;i < ob.length;i+=2){\n\ttemp.push(ob[i])\n}\nvar sort_ok = temp.sort()\nvar out = []\nfor(var i = 0;i<sort_ok.length; i++){\n\tout.push(temp[i]);\n\tfor(var j=0;j<ob.length;j+=2){\n\t\tif(ob[j] == temp[i]){\n\t\t\tout.push(parseFloat(ob[j+1]).toFixed(2))\n\t\t}\n\t\t}\n}\nmsg.payload = out\nreturn msg","outputs":1,"x":738.7671203613281,"y":625.814826965332,"z":"da8ec8b6.257138","wires":[["78b21e56.874de"]]},{"id":"78b21e56.874de","type":"function","name":"sc_in_m111","useRequire":false,"func":"var tmp = []\nvar payload = []\n\nfor(var i=0;i<msg.payload.length;i+=2){\n\t\n \t   \ttmp = msg.payload[i+1]\n    \tvar item = msg.payload[i]\n    \tpayload.push([item,parseFloat(tmp)])\n\n}\n\npayload = {'value':payload}\nmsg.payload = {'MsgID':'adminpush_columnsc_in_m111','username':'admin','payload':payload}\nmsg.payload = JSON.stringify(msg.payload);\nreturn msg;","outputs":1,"x":904.6242980957031,"y":626.1005325317383,"z":"da8ec8b6.257138","wires":[["a0481512.5fb7e8"]]},{"id":"a0481512.5fb7e8","type":"redisPub","name":"sc_in_m111","host":"127.0.0.1","port":6379,"user":"","passwd":"","channel":"adminpush_columnsc_in_m111","x":1135.6242370605469,"y":631.5291137695312,"z":"da8ec8b6.257138","wires":[]},{"id":"b024d57f.4fdb28","type":"redis in","hostname":"127.0.0.1","port":6379,"name":"sc_in_m12","key":"sc_in_m12","structtype":"zset","x":538.1481819152832,"y":328.14806938171387,"z":"da8ec8b6.257138","wires":[["b3900cf9.4c6ff"]]},{"id":"b3900cf9.4c6ff","type":"function","name":"sort","useRequire":false,"func":"var ob = msg.payload\nvar temp = []\n\nfor(var i = 0 ;i < ob.length;i+=2){\n\ttemp.push(ob[i])\n}\nvar sort_ok = temp.sort()\nvar out = []\nfor(var i = 0;i<sort_ok.length; i++){\n\tout.push(temp[i]);\n\tfor(var j=0;j<ob.length;j+=2){\n\t\tif(ob[j] == temp[i]){\n\t\t\tout.push(parseFloat(ob[j+1]).toFixed(2))\n\t\t}\n\t\t}\n}\nmsg.payload = out\nreturn msg","outputs":1,"x":747.4337959289551,"y":325.1480770111084,"z":"da8ec8b6.257138","wires":[["b855da90.47aa28"]]},{"id":"b855da90.47aa28","type":"function","name":"sc_in_m12","useRequire":false,"func":"var tmp = []\nvar payload = []\n\nfor(var i=0;i<msg.payload.length;i+=2){\n\t\n \t   \ttmp = msg.payload[i+1]\n    \tvar item = msg.payload[i]\n    \tpayload.push([item,parseFloat(tmp)])\n\n}\n\npayload = {'value':payload}\nmsg.payload = {'MsgID':'adminpush_columnsc_in_m12','username':'admin','payload':payload}\nmsg.payload = JSON.stringify(msg.payload);\nreturn msg;","outputs":1,"x":913.2909736633301,"y":325.43378257751465,"z":"da8ec8b6.257138","wires":[["a3ecac61.5c135"]]},{"id":"a3ecac61.5c135","type":"redisPub","name":"sc_in_m12","host":"127.0.0.1","port":6379,"user":"","passwd":"","channel":"adminpush_columnsc_in_m12","x":1144.2909126281738,"y":330.8623638153076,"z":"da8ec8b6.257138","wires":[]},{"id":"2a1ebf13.d5e14","type":"inject","name":"","topic":"","payload":"","payloadType":"date","repeat":"1","crontab":"","once":false,"x":251.48153114318848,"y":331.48140716552734,"z":"da8ec8b6.257138","wires":[["ed1127ac.12eed8","ee5173d.f11ae9","e4402940.1bbfd8","cd2624dc.32d9d8","b024d57f.4fdb28","12b1575a.ed4ea9","1421ee50.ebde12","50e4a7c7.af1b58","d3982557.2c67d8","22c16131.dd3e9e","1a6aaf9b.e5955"]]}]