[{"id":"82374d2b.7dc8b","type":"redis in","hostname":"127.0.0.1","port":6379,"name":"sc_outr_q1","key":"sc_outr_q1","structtype":"zset","x":589.8147583007812,"y":704.6666488647461,"z":"a44cdf11.5bb32","wires":[["2ad55478.d52aac"]]},{"id":"2ad55478.d52aac","type":"function","name":"sort","useRequire":false,"func":"var ob = msg.payload\nvar temp = []\n\nfor(var i = 0 ;i < ob.length;i+=2){\n\ttemp.push(ob[i])\n}\nvar sort_ok = temp.sort()\nvar out = []\nfor(var i = 0;i<sort_ok.length; i++){\n\tout.push(temp[i]);\n\tfor(var j=0;j<ob.length;j+=2){\n\t\tif(ob[j] == temp[i]){\n\t\t\tout.push(parseFloat(ob[j+1]).toFixed(2))\n\t\t}\n\t\t}\n}\nmsg.payload = out\nreturn msg","outputs":1,"x":799.1003723144531,"y":701.6666564941406,"z":"a44cdf11.5bb32","wires":[["c95950c0.36a6b"]]},{"id":"c95950c0.36a6b","type":"function","name":"sc_outr_q1","useRequire":false,"func":"var tmp = []\nvar payload = []\n\nfor(var i=0;i<msg.payload.length;i+=2){\n\t\n \t   \ttmp = msg.payload[i+1]\n    \tvar item = msg.payload[i]\n    \tpayload.push([item,parseFloat(tmp)])\n\n}\n\npayload = {'value':payload}\nmsg.payload = {'MsgID':'adminpush_linesc_outr_q1','username':'admin','payload':payload}\nmsg.payload = JSON.stringify(msg.payload);\nreturn msg;","outputs":1,"x":964.9575500488281,"y":701.9523620605469,"z":"a44cdf11.5bb32","wires":[["e6064e66.19f9b"]]},{"id":"e6064e66.19f9b","type":"redisPub","name":"sc_outr_q1","host":"127.0.0.1","port":6379,"user":"","passwd":"","channel":"adminpush_linesc_outr_q1","x":1195.9574890136719,"y":707.3809432983398,"z":"a44cdf11.5bb32","wires":[]},{"id":"b1f8b563.4e0748","type":"redis in","hostname":"127.0.0.1","port":6379,"name":"sc_outr_q2","key":"sc_outr_q2","structtype":"zset","x":582.2433166503906,"y":752.523811340332,"z":"a44cdf11.5bb32","wires":[["87d841d4.7827c"]]},{"id":"87d841d4.7827c","type":"function","name":"sort","useRequire":false,"func":"var ob = msg.payload\nvar temp = []\n\nfor(var i = 0 ;i < ob.length;i+=2){\n\ttemp.push(ob[i])\n}\nvar sort_ok = temp.sort()\nvar out = []\nfor(var i = 0;i<sort_ok.length; i++){\n\tout.push(temp[i]);\n\tfor(var j=0;j<ob.length;j+=2){\n\t\tif(ob[j] == temp[i]){\n\t\t\tout.push(parseFloat(ob[j+1]).toFixed(2))\n\t\t}\n\t\t}\n}\nmsg.payload = out\nreturn msg","outputs":1,"x":791.5289306640625,"y":749.5238189697266,"z":"a44cdf11.5bb32","wires":[["9fc6a646.603958"]]},{"id":"9fc6a646.603958","type":"function","name":"sc_outr_q2","useRequire":false,"func":"var tmp = []\nvar payload = []\n\nfor(var i=0;i<msg.payload.length;i+=2){\n\t\n \t   \ttmp = msg.payload[i+1]\n    \tvar item = msg.payload[i]\n    \tpayload.push([item,parseFloat(tmp)])\n\n}\n\npayload = {'value':payload}\nmsg.payload = {'MsgID':'adminpush_linesc_outr_q2','username':'admin','payload':payload}\nmsg.payload = JSON.stringify(msg.payload);\nreturn msg;","outputs":1,"x":957.3861083984375,"y":749.8095245361328,"z":"a44cdf11.5bb32","wires":[["f073b7d8.0f8c48"]]},{"id":"f073b7d8.0f8c48","type":"redisPub","name":"sc_outr_q2","host":"127.0.0.1","port":6379,"user":"","passwd":"","channel":"adminpush_linesc_outr_q2","x":1193.386001586914,"y":753.5714378356934,"z":"a44cdf11.5bb32","wires":[]},{"id":"ef5e4563.10a1b8","type":"redis in","hostname":"127.0.0.1","port":6379,"name":"sc_outr_q3","key":"sc_outr_q3","structtype":"zset","x":592.2433166503906,"y":803.523811340332,"z":"a44cdf11.5bb32","wires":[["d08a8d50.2f757"]]},{"id":"d08a8d50.2f757","type":"function","name":"sort","useRequire":false,"func":"var ob = msg.payload\nvar temp = []\n\nfor(var i = 0 ;i < ob.length;i+=2){\n\ttemp.push(ob[i])\n}\nvar sort_ok = temp.sort()\nvar out = []\nfor(var i = 0;i<sort_ok.length; i++){\n\tout.push(temp[i]);\n\tfor(var j=0;j<ob.length;j+=2){\n\t\tif(ob[j] == temp[i]){\n\t\t\tout.push(parseFloat(ob[j+1]).toFixed(2))\n\t\t}\n\t\t}\n}\nmsg.payload = out\nreturn msg","outputs":1,"x":801.5289306640625,"y":800.5238189697266,"z":"a44cdf11.5bb32","wires":[["99261cf4.66d9e"]]},{"id":"99261cf4.66d9e","type":"function","name":"sc_outr_q3","useRequire":false,"func":"var tmp = []\nvar payload = []\n\nfor(var i=0;i<msg.payload.length;i+=2){\n\t\n \t   \ttmp = msg.payload[i+1]\n    \tvar item = msg.payload[i]\n    \tpayload.push([item,parseFloat(tmp)])\n\n}\n\npayload = {'value':payload}\nmsg.payload = {'MsgID':'adminpush_linesc_outr_q3','username':'admin','payload':payload}\nmsg.payload = JSON.stringify(msg.payload);\nreturn msg;","outputs":1,"x":967.3861083984375,"y":800.8095245361328,"z":"a44cdf11.5bb32","wires":[["6bb36fcb.944c9"]]},{"id":"6bb36fcb.944c9","type":"redisPub","name":"sc_outr_q3","host":"127.0.0.1","port":6379,"user":"","passwd":"","channel":"adminpush_linesc_outr_q3","x":1198.3860473632812,"y":806.2381057739258,"z":"a44cdf11.5bb32","wires":[]},{"id":"630c1a98.9cf3e4","type":"redis in","hostname":"127.0.0.1","port":6379,"name":"sc_outr_q4","key":"sc_outr_q4","structtype":"zset","x":584.671875,"y":851.380973815918,"z":"a44cdf11.5bb32","wires":[["f4c9a768.0b3658"]]},{"id":"f4c9a768.0b3658","type":"function","name":"sort","useRequire":false,"func":"var ob = msg.payload\nvar temp = []\n\nfor(var i = 0 ;i < ob.length;i+=2){\n\ttemp.push(ob[i])\n}\nvar sort_ok = temp.sort()\nvar out = []\nfor(var i = 0;i<sort_ok.length; i++){\n\tout.push(temp[i]);\n\tfor(var j=0;j<ob.length;j+=2){\n\t\tif(ob[j] == temp[i]){\n\t\t\tout.push(parseFloat(ob[j+1]).toFixed(2))\n\t\t}\n\t\t}\n}\nmsg.payload = out\nreturn msg","outputs":1,"x":793.9574890136719,"y":848.3809814453125,"z":"a44cdf11.5bb32","wires":[["3f9d38a8.c062c8"]]},{"id":"3f9d38a8.c062c8","type":"function","name":"sc_outr_q4","useRequire":false,"func":"var tmp = []\nvar payload = []\n\nfor(var i=0;i<msg.payload.length;i+=2){\n\t\n \t   \ttmp = msg.payload[i+1]\n    \tvar item = msg.payload[i]\n    \tpayload.push([item,parseFloat(tmp)])\n\n}\n\npayload = {'value':payload}\nmsg.payload = {'MsgID':'adminpush_linesc_outr_qq4','username':'admin','payload':payload}\nmsg.payload = JSON.stringify(msg.payload);\nreturn msg;","outputs":1,"x":959.8146667480469,"y":848.6666870117188,"z":"a44cdf11.5bb32","wires":[["86ce1b57.7931e8"]]},{"id":"86ce1b57.7931e8","type":"redisPub","name":"sc_outr_q4","host":"127.0.0.1","port":6379,"user":"","passwd":"","channel":"adminpush_linesc_outr_q4","x":1190.8146057128906,"y":854.0952682495117,"z":"a44cdf11.5bb32","wires":[]},{"id":"520446a5.adfbb8","type":"redis in","hostname":"127.0.0.1","port":6379,"name":"sc_outr_m14","key":"sc_outr_m14","structtype":"zset","x":598.1481323242188,"y":997.9999618530273,"z":"a44cdf11.5bb32","wires":[["7aced919.853128"]]},{"id":"7aced919.853128","type":"function","name":"sort","useRequire":false,"func":"var ob = msg.payload\nvar temp = []\n\nfor(var i = 0 ;i < ob.length;i+=2){\n\ttemp.push(ob[i])\n}\nvar sort_ok = temp.sort()\nvar out = []\nfor(var i = 0;i<sort_ok.length; i++){\n\tout.push(temp[i]);\n\tfor(var j=0;j<ob.length;j+=2){\n\t\tif(ob[j] == temp[i]){\n\t\t\tout.push(parseFloat(ob[j+1]).toFixed(2))\n\t\t}\n\t\t}\n}\nmsg.payload = out\nreturn msg","outputs":1,"x":807.4337463378906,"y":994.9999694824219,"z":"a44cdf11.5bb32","wires":[["2f14431a.d0ebbc"]]},{"id":"2f14431a.d0ebbc","type":"function","name":"sc_outr_m14","useRequire":false,"func":"var tmp = []\nvar payload = []\n\nfor(var i=0;i<msg.payload.length;i+=2){\n\t\n \t   \ttmp = msg.payload[i+1]\n    \tvar item = msg.payload[i]\n    \tpayload.push([item,parseFloat(tmp)])\n\n}\n\npayload = {'value':payload}\nmsg.payload = {'MsgID':'adminpush_linesc_outr_m14','username':'admin','payload':payload}\nmsg.payload = JSON.stringify(msg.payload);\nreturn msg;","outputs":1,"x":973.2909240722656,"y":995.2856750488281,"z":"a44cdf11.5bb32","wires":[["d461a021.2b9e6"]]},{"id":"d461a021.2b9e6","type":"redisPub","name":"sc_outr_m14","host":"127.0.0.1","port":6379,"user":"","passwd":"","channel":"adminpush_linesc_outr_m14","x":1204.2908630371094,"y":1000.7142562866211,"z":"a44cdf11.5bb32","wires":[]},{"id":"d4a16363.2b5ea","type":"redis in","hostname":"127.0.0.1","port":6379,"name":"sc_outr_m15","key":"sc_outr_m15","structtype":"zset","x":599.1481323242188,"y":1048.9999618530273,"z":"a44cdf11.5bb32","wires":[["9d9bcdef.62643"]]},{"id":"9d9bcdef.62643","type":"function","name":"sort","useRequire":false,"func":"var ob = msg.payload\nvar temp = []\n\nfor(var i = 0 ;i < ob.length;i+=2){\n\ttemp.push(ob[i])\n}\nvar sort_ok = temp.sort()\nvar out = []\nfor(var i = 0;i<sort_ok.length; i++){\n\tout.push(temp[i]);\n\tfor(var j=0;j<ob.length;j+=2){\n\t\tif(ob[j] == temp[i]){\n\t\t\tout.push(parseFloat(ob[j+1]).toFixed(2))\n\t\t}\n\t\t}\n}\nmsg.payload = out\nreturn msg","outputs":1,"x":808.4337463378906,"y":1045.9999694824219,"z":"a44cdf11.5bb32","wires":[["55191f17.aae6e"]]},{"id":"55191f17.aae6e","type":"function","name":"sc_outr_m15","useRequire":false,"func":"var tmp = []\nvar payload = []\n\nfor(var i=0;i<msg.payload.length;i+=2){\n\t\n \t   \ttmp = msg.payload[i+1]\n    \tvar item = msg.payload[i]\n    \tpayload.push([item,parseFloat(tmp)])\n\n}\n\npayload = {'value':payload}\nmsg.payload = {'MsgID':'adminpush_linesc_outr_m15','username':'admin','payload':payload}\nmsg.payload = JSON.stringify(msg.payload);\nreturn msg;","outputs":1,"x":974.2909240722656,"y":1046.2856750488281,"z":"a44cdf11.5bb32","wires":[["921a249a.6de5d8"]]},{"id":"921a249a.6de5d8","type":"redisPub","name":"sc_outr_m15","host":"127.0.0.1","port":6379,"user":"","passwd":"","channel":"adminpush_linesc_outr_m15","x":1205.2908630371094,"y":1051.714256286621,"z":"a44cdf11.5bb32","wires":[]},{"id":"fa95b4b4.056a48","type":"redis in","hostname":"127.0.0.1","port":6379,"name":"sc_outr_m17","key":"sc_outr_m17","structtype":"zset","x":594.1481323242188,"y":1096.9999923706055,"z":"a44cdf11.5bb32","wires":[["92377279.6dc89"]]},{"id":"92377279.6dc89","type":"function","name":"sort","useRequire":false,"func":"var ob = msg.payload\nvar temp = []\n\nfor(var i = 0 ;i < ob.length;i+=2){\n\ttemp.push(ob[i])\n}\nvar sort_ok = temp.sort()\nvar out = []\nfor(var i = 0;i<sort_ok.length; i++){\n\tout.push(temp[i]);\n\tfor(var j=0;j<ob.length;j+=2){\n\t\tif(ob[j] == temp[i]){\n\t\t\tout.push(parseFloat(ob[j+1]).toFixed(2))\n\t\t}\n\t\t}\n}\nmsg.payload = out\nreturn msg","outputs":1,"x":803.4337463378906,"y":1094,"z":"a44cdf11.5bb32","wires":[["22926990.dd6d96"]]},{"id":"22926990.dd6d96","type":"function","name":"sc_outr_m17","useRequire":false,"func":"var tmp = []\nvar payload = []\n\nfor(var i=0;i<msg.payload.length;i+=2){\n\t\n \t   \ttmp = msg.payload[i+1]\n    \tvar item = msg.payload[i]\n    \tpayload.push([item,parseFloat(tmp)])\n\n}\n\npayload = {'value':payload}\nmsg.payload = {'MsgID':'adminpush_linesc_outr_m17','username':'admin','payload':payload}\nmsg.payload = JSON.stringify(msg.payload);\nreturn msg;","outputs":1,"x":969.2909240722656,"y":1094.2857055664062,"z":"a44cdf11.5bb32","wires":[["eef68ca3.11097"]]},{"id":"eef68ca3.11097","type":"redisPub","name":"sc_outr_m17","host":"127.0.0.1","port":6379,"user":"","passwd":"","channel":"adminpush_linesc_outr_m17","x":1200.2908630371094,"y":1099.7142868041992,"z":"a44cdf11.5bb32","wires":[]},{"id":"fb369a67.04c968","type":"redis in","hostname":"127.0.0.1","port":6379,"name":"sc_outr_m18","key":"sc_outr_m18","structtype":"zset","x":595.1481323242188,"y":1147.9999618530273,"z":"a44cdf11.5bb32","wires":[["f6f19394.090e7"]]},{"id":"f6f19394.090e7","type":"function","name":"sort","useRequire":false,"func":"var ob = msg.payload\nvar temp = []\n\nfor(var i = 0 ;i < ob.length;i+=2){\n\ttemp.push(ob[i])\n}\nvar sort_ok = temp.sort()\nvar out = []\nfor(var i = 0;i<sort_ok.length; i++){\n\tout.push(temp[i]);\n\tfor(var j=0;j<ob.length;j+=2){\n\t\tif(ob[j] == temp[i]){\n\t\t\tout.push(parseFloat(ob[j+1]).toFixed(2))\n\t\t}\n\t\t}\n}\nmsg.payload = out\nreturn msg","outputs":1,"x":804.4337463378906,"y":1144.9999694824219,"z":"a44cdf11.5bb32","wires":[["46aa1ecd.b955e"]]},{"id":"46aa1ecd.b955e","type":"function","name":"sc_outr_m18","useRequire":false,"func":"var tmp = []\nvar payload = []\n\nfor(var i=0;i<msg.payload.length;i+=2){\n\t\n \t   \ttmp = msg.payload[i+1]\n    \tvar item = msg.payload[i]\n    \tpayload.push([item,parseFloat(tmp)])\n\n}\n\npayload = {'value':payload}\nmsg.payload = {'MsgID':'adminpush_linesc_outr_m18','username':'admin','payload':payload}\nmsg.payload = JSON.stringify(msg.payload);\nreturn msg;","outputs":1,"x":970.2909240722656,"y":1145.2856750488281,"z":"a44cdf11.5bb32","wires":[["1cfc4555.e303bb"]]},{"id":"1cfc4555.e303bb","type":"redisPub","name":"sc_outr_m18","host":"127.0.0.1","port":6379,"user":"","passwd":"","channel":"adminpush_linesc_outr_m18","x":1201.2908630371094,"y":1150.714256286621,"z":"a44cdf11.5bb32","wires":[]},{"id":"6fb9513d.9046b","type":"redis in","hostname":"127.0.0.1","port":6379,"name":"sc_outr_m110","key":"sc_outr_m110","structtype":"zset","x":590.1481323242188,"y":1195.9999923706055,"z":"a44cdf11.5bb32","wires":[["9f77c921.608838"]]},{"id":"9f77c921.608838","type":"function","name":"sort","useRequire":false,"func":"var ob = msg.payload\nvar temp = []\n\nfor(var i = 0 ;i < ob.length;i+=2){\n\ttemp.push(ob[i])\n}\nvar sort_ok = temp.sort()\nvar out = []\nfor(var i = 0;i<sort_ok.length; i++){\n\tout.push(temp[i]);\n\tfor(var j=0;j<ob.length;j+=2){\n\t\tif(ob[j] == temp[i]){\n\t\t\tout.push(parseFloat(ob[j+1]).toFixed(2))\n\t\t}\n\t\t}\n}\nmsg.payload = out\nreturn msg","outputs":1,"x":799.4337463378906,"y":1193,"z":"a44cdf11.5bb32","wires":[["2dde3c5c.d221c4"]]},{"id":"2dde3c5c.d221c4","type":"function","name":"sc_outr_m110","useRequire":false,"func":"var tmp = []\nvar payload = []\n\nfor(var i=0;i<msg.payload.length;i+=2){\n\t\n \t   \ttmp = msg.payload[i+1]\n    \tvar item = msg.payload[i]\n    \tpayload.push([item,parseFloat(tmp)])\n\n}\n\npayload = {'value':payload}\nmsg.payload = {'MsgID':'adminpush_linesc_outr_m110','username':'admin','payload':payload}\nmsg.payload = JSON.stringify(msg.payload);\nreturn msg;","outputs":1,"x":965.2909240722656,"y":1193.2857055664062,"z":"a44cdf11.5bb32","wires":[["9543f331.6abc1"]]},{"id":"9543f331.6abc1","type":"redisPub","name":"sc_outr_m110","host":"127.0.0.1","port":6379,"user":"","passwd":"","channel":"adminpush_linesc_outr_m110","x":1196.2908630371094,"y":1198.7142868041992,"z":"a44cdf11.5bb32","wires":[]},{"id":"81687125.7e979","type":"redis in","hostname":"127.0.0.1","port":6379,"name":"sc_outr_m111","key":"sc_outr_m111","structtype":"zset","x":591.1481323242188,"y":1246.9999923706055,"z":"a44cdf11.5bb32","wires":[["33c0c15c.cc3f3e"]]},{"id":"33c0c15c.cc3f3e","type":"function","name":"sort","useRequire":false,"func":"var ob = msg.payload\nvar temp = []\n\nfor(var i = 0 ;i < ob.length;i+=2){\n\ttemp.push(ob[i])\n}\nvar sort_ok = temp.sort()\nvar out = []\nfor(var i = 0;i<sort_ok.length; i++){\n\tout.push(temp[i]);\n\tfor(var j=0;j<ob.length;j+=2){\n\t\tif(ob[j] == temp[i]){\n\t\t\tout.push(parseFloat(ob[j+1]).toFixed(2))\n\t\t}\n\t\t}\n}\nmsg.payload = out\nreturn msg","outputs":1,"x":800.4337463378906,"y":1244,"z":"a44cdf11.5bb32","wires":[["e01a4e8f.1fe5b"]]},{"id":"e01a4e8f.1fe5b","type":"function","name":"sc_outr_m111","useRequire":false,"func":"var tmp = []\nvar payload = []\n\nfor(var i=0;i<msg.payload.length;i+=2){\n\t\n \t   \ttmp = msg.payload[i+1]\n    \tvar item = msg.payload[i]\n    \tpayload.push([item,parseFloat(tmp)])\n\n}\n\npayload = {'value':payload}\nmsg.payload = {'MsgID':'adminpush_linesc_outr_m111','username':'admin','payload':payload}\nmsg.payload = JSON.stringify(msg.payload);\nreturn msg;","outputs":1,"x":966.2909240722656,"y":1244.2857055664062,"z":"a44cdf11.5bb32","wires":[["756815ba.8a97ec"]]},{"id":"756815ba.8a97ec","type":"redisPub","name":"sc_outr_m111","host":"127.0.0.1","port":6379,"user":"","passwd":"","channel":"adminpush_linesc_outr_m111","x":1197.2908630371094,"y":1249.7142868041992,"z":"a44cdf11.5bb32","wires":[]},{"id":"2057b59b.dfa84a","type":"redis in","hostname":"127.0.0.1","port":6379,"name":"sc_outr_m12","key":"sc_outr_m12","structtype":"zset","x":599.8148078918457,"y":946.3332424163818,"z":"a44cdf11.5bb32","wires":[["cfafb8d4.305048"]]},{"id":"cfafb8d4.305048","type":"function","name":"sort","useRequire":false,"func":"var ob = msg.payload\nvar temp = []\n\nfor(var i = 0 ;i < ob.length;i+=2){\n\ttemp.push(ob[i])\n}\nvar sort_ok = temp.sort()\nvar out = []\nfor(var i = 0;i<sort_ok.length; i++){\n\tout.push(temp[i]);\n\tfor(var j=0;j<ob.length;j+=2){\n\t\tif(ob[j] == temp[i]){\n\t\t\tout.push(parseFloat(ob[j+1]).toFixed(2))\n\t\t}\n\t\t}\n}\nmsg.payload = out\nreturn msg","outputs":1,"x":809.1004219055176,"y":943.3332500457764,"z":"a44cdf11.5bb32","wires":[["20177565.dfe88a"]]},{"id":"20177565.dfe88a","type":"function","name":"sc_outr_m12","useRequire":false,"func":"var tmp = []\nvar payload = []\n\nfor(var i=0;i<msg.payload.length;i+=2){\n\t\n \t   \ttmp = msg.payload[i+1]\n    \tvar item = msg.payload[i]\n    \tpayload.push([item,parseFloat(tmp)])\n\n}\n\npayload = {'value':payload}\nmsg.payload = {'MsgID':'adminpush_linesc_outr_m12','username':'admin','payload':payload}\nmsg.payload = JSON.stringify(msg.payload);\nreturn msg;","outputs":1,"x":974.9575996398926,"y":943.6189556121826,"z":"a44cdf11.5bb32","wires":[["4d055eb0.b2faa"]]},{"id":"4d055eb0.b2faa","type":"redisPub","name":"sc_outr_m12","host":"127.0.0.1","port":6379,"user":"","passwd":"","channel":"adminpush_linesc_outr_m12","x":1205.9575386047363,"y":949.0475368499756,"z":"a44cdf11.5bb32","wires":[]},{"id":"7efa1869.8105e8","type":"inject","name":"","topic":"","payload":"","payloadType":"date","repeat":"1","crontab":"","once":false,"x":313.148157119751,"y":949.6665802001953,"z":"a44cdf11.5bb32","wires":[["82374d2b.7dc8b","b1f8b563.4e0748","ef5e4563.10a1b8","630c1a98.9cf3e4","2057b59b.dfa84a","520446a5.adfbb8","d4a16363.2b5ea","fa95b4b4.056a48","fb369a67.04c968","6fb9513d.9046b","81687125.7e979"]]},{"id":"9c487b.ff63b788","type":"redis in","hostname":"127.0.0.1","port":6379,"name":"sc_out_q1","key":"sc_out_q1","structtype":"zset","x":513.1481323242188,"y":57.99999237060547,"z":"a44cdf11.5bb32","wires":[["df7f838.f20808"]]},{"id":"df7f838.f20808","type":"function","name":"sort","useRequire":false,"func":"var ob = msg.payload\nvar temp = []\n\nfor(var i = 0 ;i < ob.length;i+=2){\n\ttemp.push(ob[i])\n}\nvar sort_ok = temp.sort()\nvar out = []\nfor(var i = 0;i<sort_ok.length; i++){\n\tout.push(temp[i]);\n\tfor(var j=0;j<ob.length;j+=2){\n\t\tif(ob[j] == temp[i]){\n\t\t\tout.push(parseFloat(ob[j+1]).toFixed(2))\n\t\t}\n\t\t}\n}\nmsg.payload = out\nreturn msg","outputs":1,"x":722.4337463378906,"y":55,"z":"a44cdf11.5bb32","wires":[["8a4d77da.75b288"]]},{"id":"8a4d77da.75b288","type":"function","name":"sc_out_q1","useRequire":false,"func":"var tmp = []\nvar payload = []\n\nfor(var i=0;i<msg.payload.length;i+=2){\n\t\n \t   \ttmp = msg.payload[i+1]\n    \tvar item = msg.payload[i]\n    \tpayload.push([item,parseFloat(tmp)])\n\n}\n\npayload = {'value':payload}\nmsg.payload = {'MsgID':'adminpush_columnsc_out_q1','username':'admin','payload':payload}\nmsg.payload = JSON.stringify(msg.payload);\nreturn msg;","outputs":1,"x":888.2909240722656,"y":55.28570556640625,"z":"a44cdf11.5bb32","wires":[["7eed546f.8112ac"]]},{"id":"7eed546f.8112ac","type":"redisPub","name":"sc_out_q1","host":"127.0.0.1","port":6379,"user":"","passwd":"","channel":"adminpush_columnsc_out_q1","x":1119.2908630371094,"y":60.71428680419922,"z":"a44cdf11.5bb32","wires":[]},{"id":"7de25523.821dac","type":"redis in","hostname":"127.0.0.1","port":6379,"name":"sc_out_q2","key":"sc_out_q2","structtype":"zset","x":505.5766906738281,"y":105.8571548461914,"z":"a44cdf11.5bb32","wires":[["607cafc.f9f835"]]},{"id":"607cafc.f9f835","type":"function","name":"sort","useRequire":false,"func":"var ob = msg.payload\nvar temp = []\n\nfor(var i = 0 ;i < ob.length;i+=2){\n\ttemp.push(ob[i])\n}\nvar sort_ok = temp.sort()\nvar out = []\nfor(var i = 0;i<sort_ok.length; i++){\n\tout.push(temp[i]);\n\tfor(var j=0;j<ob.length;j+=2){\n\t\tif(ob[j] == temp[i]){\n\t\t\tout.push(parseFloat(ob[j+1]).toFixed(2))\n\t\t}\n\t\t}\n}\nmsg.payload = out\nreturn msg","outputs":1,"x":714.8623046875,"y":102.85716247558594,"z":"a44cdf11.5bb32","wires":[["a3a43162.5c5bd"]]},{"id":"a3a43162.5c5bd","type":"function","name":"sc_out_q2","useRequire":false,"func":"var tmp = []\nvar payload = []\n\nfor(var i=0;i<msg.payload.length;i+=2){\n\t\n \t   \ttmp = msg.payload[i+1]\n    \tvar item = msg.payload[i]\n    \tpayload.push([item,parseFloat(tmp)])\n\n}\n\npayload = {'value':payload}\nmsg.payload = {'MsgID':'adminpush_columnsc_out_q2','username':'admin','payload':payload}\nmsg.payload = JSON.stringify(msg.payload);\nreturn msg;","outputs":1,"x":880.719482421875,"y":103.14286804199219,"z":"a44cdf11.5bb32","wires":[["2a20d3b3.d5df2c"]]},{"id":"2a20d3b3.d5df2c","type":"redisPub","name":"sc_out_q2","host":"127.0.0.1","port":6379,"user":"","passwd":"","channel":"adminpush_columnsc_out_q2","x":1116.7193756103516,"y":106.90478134155273,"z":"a44cdf11.5bb32","wires":[]},{"id":"6c5a046.f93a5fc","type":"redis in","hostname":"127.0.0.1","port":6379,"name":"sc_out_q3","key":"sc_out_q3","structtype":"zset","x":515.5766906738281,"y":156.8571548461914,"z":"a44cdf11.5bb32","wires":[["d23d9421.2dc268"]]},{"id":"d23d9421.2dc268","type":"function","name":"sort","useRequire":false,"func":"var ob = msg.payload\nvar temp = []\n\nfor(var i = 0 ;i < ob.length;i+=2){\n\ttemp.push(ob[i])\n}\nvar sort_ok = temp.sort()\nvar out = []\nfor(var i = 0;i<sort_ok.length; i++){\n\tout.push(temp[i]);\n\tfor(var j=0;j<ob.length;j+=2){\n\t\tif(ob[j] == temp[i]){\n\t\t\tout.push(parseFloat(ob[j+1]).toFixed(2))\n\t\t}\n\t\t}\n}\nmsg.payload = out\nreturn msg","outputs":1,"x":724.8623046875,"y":153.85716247558594,"z":"a44cdf11.5bb32","wires":[["612abf2.f9ed54"]]},{"id":"612abf2.f9ed54","type":"function","name":"sc_out_q3","useRequire":false,"func":"var tmp = []\nvar payload = []\n\nfor(var i=0;i<msg.payload.length;i+=2){\n\t\n \t   \ttmp = msg.payload[i+1]\n    \tvar item = msg.payload[i]\n    \tpayload.push([item,parseFloat(tmp)])\n\n}\n\npayload = {'value':payload}\nmsg.payload = {'MsgID':'adminpush_columnsc_out_q3','username':'admin','payload':payload}\nmsg.payload = JSON.stringify(msg.payload);\nreturn msg;","outputs":1,"x":890.719482421875,"y":154.1428680419922,"z":"a44cdf11.5bb32","wires":[["c193f9d1.3e6c08"]]},{"id":"c193f9d1.3e6c08","type":"redisPub","name":"sc_out_q3","host":"127.0.0.1","port":6379,"user":"","passwd":"","channel":"adminpush_columnsc_out_q3","x":1121.7194213867188,"y":159.57144927978516,"z":"a44cdf11.5bb32","wires":[]},{"id":"60d567b7.9f2a98","type":"redis in","hostname":"127.0.0.1","port":6379,"name":"sc_out_q4","key":"sc_out_q4","structtype":"zset","x":508.0052490234375,"y":204.71431732177734,"z":"a44cdf11.5bb32","wires":[["ec706fb.f138f9"]]},{"id":"ec706fb.f138f9","type":"function","name":"sort","useRequire":false,"func":"var ob = msg.payload\nvar temp = []\n\nfor(var i = 0 ;i < ob.length;i+=2){\n\ttemp.push(ob[i])\n}\nvar sort_ok = temp.sort()\nvar out = []\nfor(var i = 0;i<sort_ok.length; i++){\n\tout.push(temp[i]);\n\tfor(var j=0;j<ob.length;j+=2){\n\t\tif(ob[j] == temp[i]){\n\t\t\tout.push(parseFloat(ob[j+1]).toFixed(2))\n\t\t}\n\t\t}\n}\nmsg.payload = out\nreturn msg","outputs":1,"x":717.2908630371094,"y":201.71432495117188,"z":"a44cdf11.5bb32","wires":[["de264775.21d9b8"]]},{"id":"de264775.21d9b8","type":"function","name":"sc_out_q4","useRequire":false,"func":"var tmp = []\nvar payload = []\n\nfor(var i=0;i<msg.payload.length;i+=2){\n\t\n \t   \ttmp = msg.payload[i+1]\n    \tvar item = msg.payload[i]\n    \tpayload.push([item,parseFloat(tmp)])\n\n}\n\npayload = {'value':payload}\nmsg.payload = {'MsgID':'adminpush_columnsc_out_q4','username':'admin','payload':payload}\nmsg.payload = JSON.stringify(msg.payload);\nreturn msg;","outputs":1,"x":883.1480407714844,"y":202.00003051757812,"z":"a44cdf11.5bb32","wires":[["dc6422ed.239be"]]},{"id":"dc6422ed.239be","type":"redisPub","name":"sc_out_q4","host":"127.0.0.1","port":6379,"user":"","passwd":"","channel":"adminpush_columnsc_out_q4","x":1114.1479797363281,"y":207.4286117553711,"z":"a44cdf11.5bb32","wires":[]},{"id":"4815cb84.b7ea34","type":"redis in","hostname":"127.0.0.1","port":6379,"name":"sc_out_m14","key":"sc_out_m14","structtype":"zset","x":521.4815063476562,"y":351.3333053588867,"z":"a44cdf11.5bb32","wires":[["f3a8ccd7.0c573"]]},{"id":"f3a8ccd7.0c573","type":"function","name":"sort","useRequire":false,"func":"var ob = msg.payload\nvar temp = []\n\nfor(var i = 0 ;i < ob.length;i+=2){\n\ttemp.push(ob[i])\n}\nvar sort_ok = temp.sort()\nvar out = []\nfor(var i = 0;i<sort_ok.length; i++){\n\tout.push(temp[i]);\n\tfor(var j=0;j<ob.length;j+=2){\n\t\tif(ob[j] == temp[i]){\n\t\t\tout.push(parseFloat(ob[j+1]).toFixed(2))\n\t\t}\n\t\t}\n}\nmsg.payload = out\nreturn msg","outputs":1,"x":730.7671203613281,"y":348.33331298828125,"z":"a44cdf11.5bb32","wires":[["b60466fc.49fb98"]]},{"id":"b60466fc.49fb98","type":"function","name":"sc_out_m14","useRequire":false,"func":"var tmp = []\nvar payload = []\n\nfor(var i=0;i<msg.payload.length;i+=2){\n\t\n \t   \ttmp = msg.payload[i+1]\n    \tvar item = msg.payload[i]\n    \tpayload.push([item,parseFloat(tmp)])\n\n}\n\npayload = {'value':payload}\nmsg.payload = {'MsgID':'adminpush_columnsc_out_m14','username':'admin','payload':payload}\nmsg.payload = JSON.stringify(msg.payload);\nreturn msg;","outputs":1,"x":896.6242980957031,"y":348.6190185546875,"z":"a44cdf11.5bb32","wires":[["90c070e9.6f3f9"]]},{"id":"90c070e9.6f3f9","type":"redisPub","name":"sc_out_m14","host":"127.0.0.1","port":6379,"user":"","passwd":"","channel":"adminpush_columnsc_out_m14","x":1127.6242370605469,"y":354.04759979248047,"z":"a44cdf11.5bb32","wires":[]},{"id":"e49399a9.1b6c68","type":"redis in","hostname":"127.0.0.1","port":6379,"name":"sc_out_m15","key":"sc_out_m15","structtype":"zset","x":522.4815063476562,"y":402.3333053588867,"z":"a44cdf11.5bb32","wires":[["90fc5602.6f03a8"]]},{"id":"90fc5602.6f03a8","type":"function","name":"sort","useRequire":false,"func":"var ob = msg.payload\nvar temp = []\n\nfor(var i = 0 ;i < ob.length;i+=2){\n\ttemp.push(ob[i])\n}\nvar sort_ok = temp.sort()\nvar out = []\nfor(var i = 0;i<sort_ok.length; i++){\n\tout.push(temp[i]);\n\tfor(var j=0;j<ob.length;j+=2){\n\t\tif(ob[j] == temp[i]){\n\t\t\tout.push(parseFloat(ob[j+1]).toFixed(2))\n\t\t}\n\t\t}\n}\nmsg.payload = out\nreturn msg","outputs":1,"x":731.7671203613281,"y":399.33331298828125,"z":"a44cdf11.5bb32","wires":[["732abd80.8cd544"]]},{"id":"732abd80.8cd544","type":"function","name":"sc_out_m15","useRequire":false,"func":"var tmp = []\nvar payload = []\n\nfor(var i=0;i<msg.payload.length;i+=2){\n\t\n \t   \ttmp = msg.payload[i+1]\n    \tvar item = msg.payload[i]\n    \tpayload.push([item,parseFloat(tmp)])\n\n}\n\npayload = {'value':payload}\nmsg.payload = {'MsgID':'adminpush_columnsc_out_m15','username':'admin','payload':payload}\nmsg.payload = JSON.stringify(msg.payload);\nreturn msg;","outputs":1,"x":897.6242980957031,"y":399.6190185546875,"z":"a44cdf11.5bb32","wires":[["1fefea04.e01016"]]},{"id":"1fefea04.e01016","type":"redisPub","name":"sc_out_m15","host":"127.0.0.1","port":6379,"user":"","passwd":"","channel":"adminpush_columnsc_out_m15","x":1128.6242370605469,"y":405.04759979248047,"z":"a44cdf11.5bb32","wires":[]},{"id":"3261a689.cd9e5a","type":"redis in","hostname":"127.0.0.1","port":6379,"name":"sc_out_m17","key":"sc_out_m17","structtype":"zset","x":517.4815063476562,"y":450.33333587646484,"z":"a44cdf11.5bb32","wires":[["3477e233.cb881e"]]},{"id":"3477e233.cb881e","type":"function","name":"sort","useRequire":false,"func":"var ob = msg.payload\nvar temp = []\n\nfor(var i = 0 ;i < ob.length;i+=2){\n\ttemp.push(ob[i])\n}\nvar sort_ok = temp.sort()\nvar out = []\nfor(var i = 0;i<sort_ok.length; i++){\n\tout.push(temp[i]);\n\tfor(var j=0;j<ob.length;j+=2){\n\t\tif(ob[j] == temp[i]){\n\t\t\tout.push(parseFloat(ob[j+1]).toFixed(2))\n\t\t}\n\t\t}\n}\nmsg.payload = out\nreturn msg","outputs":1,"x":726.7671203613281,"y":447.3333435058594,"z":"a44cdf11.5bb32","wires":[["22fed4dc.dd012c"]]},{"id":"22fed4dc.dd012c","type":"function","name":"sc_out_m17","useRequire":false,"func":"var tmp = []\nvar payload = []\n\nfor(var i=0;i<msg.payload.length;i+=2){\n\t\n \t   \ttmp = msg.payload[i+1]\n    \tvar item = msg.payload[i]\n    \tpayload.push([item,parseFloat(tmp)])\n\n}\n\npayload = {'value':payload}\nmsg.payload = {'MsgID':'adminpush_columnsc_out_m17','username':'admin','payload':payload}\nmsg.payload = JSON.stringify(msg.payload);\nreturn msg;","outputs":1,"x":892.6242980957031,"y":447.6190490722656,"z":"a44cdf11.5bb32","wires":[["8b938dd5.746c7"]]},{"id":"8b938dd5.746c7","type":"redisPub","name":"sc_out_m17","host":"127.0.0.1","port":6379,"user":"","passwd":"","channel":"adminpush_columnsc_out_m17","x":1123.6242370605469,"y":453.0476303100586,"z":"a44cdf11.5bb32","wires":[]},{"id":"34ca7470.cb358c","type":"redis in","hostname":"127.0.0.1","port":6379,"name":"sc_out_m18","key":"sc_out_m18","structtype":"zset","x":518.4815063476562,"y":501.3333053588867,"z":"a44cdf11.5bb32","wires":[["113211f2.eecdee"]]},{"id":"113211f2.eecdee","type":"function","name":"sort","useRequire":false,"func":"var ob = msg.payload\nvar temp = []\n\nfor(var i = 0 ;i < ob.length;i+=2){\n\ttemp.push(ob[i])\n}\nvar sort_ok = temp.sort()\nvar out = []\nfor(var i = 0;i<sort_ok.length; i++){\n\tout.push(temp[i]);\n\tfor(var j=0;j<ob.length;j+=2){\n\t\tif(ob[j] == temp[i]){\n\t\t\tout.push(parseFloat(ob[j+1]).toFixed(2))\n\t\t}\n\t\t}\n}\nmsg.payload = out\nreturn msg","outputs":1,"x":727.7671203613281,"y":498.33331298828125,"z":"a44cdf11.5bb32","wires":[["1e02bdf1.e1fd42"]]},{"id":"1e02bdf1.e1fd42","type":"function","name":"sc_out_m18","useRequire":false,"func":"var tmp = []\nvar payload = []\n\nfor(var i=0;i<msg.payload.length;i+=2){\n\t\n \t   \ttmp = msg.payload[i+1]\n    \tvar item = msg.payload[i]\n    \tpayload.push([item,parseFloat(tmp)])\n\n}\n\npayload = {'value':payload}\nmsg.payload = {'MsgID':'adminpush_columnsc_out_m18','username':'admin','payload':payload}\nmsg.payload = JSON.stringify(msg.payload);\nreturn msg;","outputs":1,"x":893.6242980957031,"y":498.6190185546875,"z":"a44cdf11.5bb32","wires":[["759781f8.8a688"]]},{"id":"759781f8.8a688","type":"redisPub","name":"sc_out_m18","host":"127.0.0.1","port":6379,"user":"","passwd":"","channel":"adminpush_columnsc_out_m18","x":1124.6242370605469,"y":504.04759979248047,"z":"a44cdf11.5bb32","wires":[]},{"id":"d92339dd.26dcc8","type":"redis in","hostname":"127.0.0.1","port":6379,"name":"sc_out_m110","key":"sc_out_m110","structtype":"zset","x":513.4815063476562,"y":549.3333358764648,"z":"a44cdf11.5bb32","wires":[["ff6354f6.009ca8"]]},{"id":"ff6354f6.009ca8","type":"function","name":"sort","useRequire":false,"func":"var ob = msg.payload\nvar temp = []\n\nfor(var i = 0 ;i < ob.length;i+=2){\n\ttemp.push(ob[i])\n}\nvar sort_ok = temp.sort()\nvar out = []\nfor(var i = 0;i<sort_ok.length; i++){\n\tout.push(temp[i]);\n\tfor(var j=0;j<ob.length;j+=2){\n\t\tif(ob[j] == temp[i]){\n\t\t\tout.push(parseFloat(ob[j+1]).toFixed(2))\n\t\t}\n\t\t}\n}\nmsg.payload = out\nreturn msg","outputs":1,"x":722.7671203613281,"y":546.3333435058594,"z":"a44cdf11.5bb32","wires":[["a46598a.f5b9a68"]]},{"id":"a46598a.f5b9a68","type":"function","name":"sc_out_m110","useRequire":false,"func":"var tmp = []\nvar payload = []\n\nfor(var i=0;i<msg.payload.length;i+=2){\n\t\n \t   \ttmp = msg.payload[i+1]\n    \tvar item = msg.payload[i]\n    \tpayload.push([item,parseFloat(tmp)])\n\n}\n\npayload = {'value':payload}\nmsg.payload = {'MsgID':'adminpush_columnsc_out_m110','username':'admin','payload':payload}\nmsg.payload = JSON.stringify(msg.payload);\nreturn msg;","outputs":1,"x":888.6242980957031,"y":546.6190490722656,"z":"a44cdf11.5bb32","wires":[["d4578987.2ba878"]]},{"id":"d4578987.2ba878","type":"redisPub","name":"sc_out_m110","host":"127.0.0.1","port":6379,"user":"","passwd":"","channel":"adminpush_columnsc_out_m110","x":1119.6242370605469,"y":552.0476303100586,"z":"a44cdf11.5bb32","wires":[]},{"id":"a358ae1.f5ca75","type":"redis in","hostname":"127.0.0.1","port":6379,"name":"sc_out_m111","key":"sc_out_m111","structtype":"zset","x":514.4815063476562,"y":600.3333358764648,"z":"a44cdf11.5bb32","wires":[["1b31d3dd.e4ce2c"]]},{"id":"1b31d3dd.e4ce2c","type":"function","name":"sort","useRequire":false,"func":"var ob = msg.payload\nvar temp = []\n\nfor(var i = 0 ;i < ob.length;i+=2){\n\ttemp.push(ob[i])\n}\nvar sort_ok = temp.sort()\nvar out = []\nfor(var i = 0;i<sort_ok.length; i++){\n\tout.push(temp[i]);\n\tfor(var j=0;j<ob.length;j+=2){\n\t\tif(ob[j] == temp[i]){\n\t\t\tout.push(parseFloat(ob[j+1]).toFixed(2))\n\t\t}\n\t\t}\n}\nmsg.payload = out\nreturn msg","outputs":1,"x":723.7671203613281,"y":597.3333435058594,"z":"a44cdf11.5bb32","wires":[["17dd83fc.e8227c"]]},{"id":"17dd83fc.e8227c","type":"function","name":"sc_out_m111","useRequire":false,"func":"var tmp = []\nvar payload = []\n\nfor(var i=0;i<msg.payload.length;i+=2){\n\t\n \t   \ttmp = msg.payload[i+1]\n    \tvar item = msg.payload[i]\n    \tpayload.push([item,parseFloat(tmp)])\n\n}\n\npayload = {'value':payload}\nmsg.payload = {'MsgID':'adminpush_columnsc_out_m111','username':'admin','payload':payload}\nmsg.payload = JSON.stringify(msg.payload);\nreturn msg;","outputs":1,"x":889.6242980957031,"y":597.6190490722656,"z":"a44cdf11.5bb32","wires":[["b67159df.498ea8"]]},{"id":"b67159df.498ea8","type":"redisPub","name":"sc_out_m111","host":"127.0.0.1","port":6379,"user":"","passwd":"","channel":"adminpush_columnsc_out_m111","x":1120.6242370605469,"y":603.0476303100586,"z":"a44cdf11.5bb32","wires":[]},{"id":"511e96eb.aee168","type":"redis in","hostname":"127.0.0.1","port":6379,"name":"sc_out_m12","key":"sc_out_m12","structtype":"zset","x":523.1481819152832,"y":299.6665859222412,"z":"a44cdf11.5bb32","wires":[["41154915.beeab8"]]},{"id":"41154915.beeab8","type":"function","name":"sort","useRequire":false,"func":"var ob = msg.payload\nvar temp = []\n\nfor(var i = 0 ;i < ob.length;i+=2){\n\ttemp.push(ob[i])\n}\nvar sort_ok = temp.sort()\nvar out = []\nfor(var i = 0;i<sort_ok.length; i++){\n\tout.push(temp[i]);\n\tfor(var j=0;j<ob.length;j+=2){\n\t\tif(ob[j] == temp[i]){\n\t\t\tout.push(parseFloat(ob[j+1]).toFixed(2))\n\t\t}\n\t\t}\n}\nmsg.payload = out\nreturn msg","outputs":1,"x":732.4337959289551,"y":296.66659355163574,"z":"a44cdf11.5bb32","wires":[["cb571ebf.34a8e"]]},{"id":"cb571ebf.34a8e","type":"function","name":"sc_out_m12","useRequire":false,"func":"var tmp = []\nvar payload = []\n\nfor(var i=0;i<msg.payload.length;i+=2){\n\t\n \t   \ttmp = msg.payload[i+1]\n    \tvar item = msg.payload[i]\n    \tpayload.push([item,parseFloat(tmp)])\n\n}\n\npayload = {'value':payload}\nmsg.payload = {'MsgID':'adminpush_columnsc_out_m12','username':'admin','payload':payload}\nmsg.payload = JSON.stringify(msg.payload);\nreturn msg;","outputs":1,"x":898.2909736633301,"y":296.952299118042,"z":"a44cdf11.5bb32","wires":[["3b493591.c4b6ca"]]},{"id":"3b493591.c4b6ca","type":"redisPub","name":"sc_out_m12","host":"127.0.0.1","port":6379,"user":"","passwd":"","channel":"adminpush_columnsc_out_m12","x":1129.2909126281738,"y":302.38088035583496,"z":"a44cdf11.5bb32","wires":[]},{"id":"a74f99d1.58b068","type":"inject","name":"","topic":"","payload":"","payloadType":"date","repeat":"1","crontab":"","once":false,"x":236.48153114318848,"y":302.9999237060547,"z":"a44cdf11.5bb32","wires":[["9c487b.ff63b788","7de25523.821dac","6c5a046.f93a5fc","60d567b7.9f2a98","511e96eb.aee168","4815cb84.b7ea34","e49399a9.1b6c68","3261a689.cd9e5a","34ca7470.cb358c","d92339dd.26dcc8","a358ae1.f5ca75"]]}]