[{"id":"367dc4.ffc9823c","type":"redis in","hostname":"127.0.0.1","port":6379,"name":"","key":"xctest","structtype":"zset","x":296,"y":271.99993896484375,"z":"7c564571.83a9bc","wires":[["cc767585.338988","c800f959.37ff08","48cf5c19.b730a4","96ba6180.6945a","a4094642.5bf6b8","992cde01.66d32","5657ff38.a9a8","37c2bc1f.c83d44"]]},{"id":"fd69fc90.0296","type":"inject","name":"","topic":"","payload":"","payloadType":"date","repeat":"1","crontab":"","once":false,"x":95,"y":239.99993896484375,"z":"7c564571.83a9bc","wires":[["367dc4.ffc9823c"]]},{"id":"992cde01.66d32","type":"function","name":"xctest2_2010","useRequire":false,"func":"var tmp = []\nvar payload = []\n\nfor(var i=0;i<msg.payload.length;i+=2){\n\tif(msg.payload[i].split(',')[0].substring(0,4) == '2010' && msg.payload[i].split(',')[1] == '全州地区生产总值（LS)'){\n \t   \ttmp = msg.payload[i+1]\n    \tvar item = msg.payload[i].split(',')[2]\n    \tpayload.push([item,parseInt(tmp)])\n}\n}\n\nvar out = []\n\nvar sorted_list = ['第一产业','第二产业','第三产业'];\n\nfor(var i=0;i<sorted_list.length;i+=1){\n\tfor(var j=0;j<payload.length;j+=1){\n\t\tif(sorted_list[i] == payload[j][0]){\n\t\t\tvar l = [sorted_list[i],payload[j][1]]\n\t\t\tout.push(l)\n\t\t}\n\t}\n}\n\n\n\npayload = {'value':out}\nmsg.payload = {'MsgID':'xctest2_2010','username':'admin','payload':payload}\nmsg.payload = JSON.stringify(msg.payload);\nreturn msg;","outputs":1,"x":697.9999084472656,"y":102.99995422363281,"z":"7c564571.83a9bc","wires":[["1e9f2ce1.e160d3","6b5d1264.94a2ec"]]},{"id":"1e9f2ce1.e160d3","type":"redisPub","name":"xctest2_2010","host":"127.0.0.1","port":6379,"user":"","passwd":"","channel":"xctest2_2010","x":934.9999465942383,"y":97.99996566772461,"z":"7c564571.83a9bc","wires":[]},{"id":"cc767585.338988","type":"function","name":"xctest2_2011","useRequire":false,"func":"var tmp = []\nvar payload = []\n\nfor(var i=0;i<msg.payload.length;i+=2){\n\tif(msg.payload[i].split(',')[0].substring(0,4) == '2011' && msg.payload[i].split(',')[1] == '全州地区生产总值（LS)'){\n \t   \ttmp = msg.payload[i+1]\n    \tvar item = msg.payload[i].split(',')[2]\n    \tpayload.push([item,parseInt(tmp)])\n}\n}\n\nvar out = []\n\nvar sorted_list = ['第一产业','第二产业','第三产业'];\n\nfor(var i=0;i<sorted_list.length;i+=1){\n\tfor(var j=0;j<payload.length;j+=1){\n\t\tif(sorted_list[i] == payload[j][0]){\n\t\t\tvar l = [sorted_list[i],payload[j][1]]\n\t\t\tout.push(l)\n\t\t}\n\t}\n}\n\n\npayload = {'value':out}\nmsg.payload = {'MsgID':'xctest2_2011','username':'admin','payload':payload}\nmsg.payload = JSON.stringify(msg.payload);\nreturn msg;","outputs":1,"x":713.9999389648438,"y":164.99996948242188,"z":"7c564571.83a9bc","wires":[["27201cde.d8dfe4"]]},{"id":"27201cde.d8dfe4","type":"redisPub","name":"xctest2_2011","host":"127.0.0.1","port":6379,"user":"","passwd":"","channel":"xctest2_2011","x":925.9999694824219,"y":164.99998474121094,"z":"7c564571.83a9bc","wires":[]},{"id":"c800f959.37ff08","type":"function","name":"xctest2_2012","useRequire":false,"func":"var tmp = []\nvar payload = []\n\nfor(var i=0;i<msg.payload.length;i+=2){\n\tif(msg.payload[i].split(',')[0].substring(0,4) == '2012' && msg.payload[i].split(',')[1] == '全州地区生产总值（LS)'){\n \t   \ttmp = msg.payload[i+1]\n    \tvar item = msg.payload[i].split(',')[2]\n    \tpayload.push([item,parseInt(tmp)])\n}\n}\nvar out = []\n\nvar sorted_list = ['第一产业','第二产业','第三产业'];\n\nfor(var i=0;i<sorted_list.length;i+=1){\n\tfor(var j=0;j<payload.length;j+=1){\n\t\tif(sorted_list[i] == payload[j][0]){\n\t\t\tvar l = [sorted_list[i],payload[j][1]]\n\t\t\tout.push(l)\n\t\t}\n\t}\n}\n\n\npayload = {'value':out}\nmsg.payload = {'MsgID':'xctest2_2012','username':'admin','payload':payload}\nmsg.payload = JSON.stringify(msg.payload);\nreturn msg;","outputs":1,"x":713.9999389648438,"y":213.99996948242188,"z":"7c564571.83a9bc","wires":[["fac365c9.053c98"]]},{"id":"fac365c9.053c98","type":"redisPub","name":"xctest2_2012","host":"127.0.0.1","port":6379,"user":"","passwd":"","channel":"xctest2_2012","x":925.9999694824219,"y":213.99998474121094,"z":"7c564571.83a9bc","wires":[]},{"id":"48cf5c19.b730a4","type":"function","name":"xctest2_2013","useRequire":false,"func":"var tmp = []\nvar payload = []\n\nfor(var i=0;i<msg.payload.length;i+=2){\n\tif(msg.payload[i].split(',')[0].substring(0,4) == '2013' && msg.payload[i].split(',')[1] == '全州地区生产总值（LS)'){\n \t   \ttmp = msg.payload[i+1]\n    \tvar item = msg.payload[i].split(',')[2]\n    \tpayload.push([item,parseInt(tmp)])\n}\n}\nvar out = []\n\nvar sorted_list = ['第一产业','第二产业','第三产业'];\n\nfor(var i=0;i<sorted_list.length;i+=1){\n\tfor(var j=0;j<payload.length;j+=1){\n\t\tif(sorted_list[i] == payload[j][0]){\n\t\t\tvar l = [sorted_list[i],payload[j][1]]\n\t\t\tout.push(l)\n\t\t}\n\t}\n}\n\npayload = {'value':out}\nmsg.payload = {'MsgID':'xctest2_2013','username':'admin','payload':payload}\nmsg.payload = JSON.stringify(msg.payload);\nreturn msg;","outputs":1,"x":729.9999694824219,"y":275.99998474121094,"z":"7c564571.83a9bc","wires":[["27ef0fac.d810f"]]},{"id":"27ef0fac.d810f","type":"redisPub","name":"xctest2_2013","host":"127.0.0.1","port":6379,"user":"","passwd":"","channel":"xctest2_2013","x":942,"y":276,"z":"7c564571.83a9bc","wires":[]},{"id":"96ba6180.6945a","type":"function","name":"xctest2_2014","useRequire":false,"func":"var tmp = []\nvar payload = []\n\nfor(var i=0;i<msg.payload.length;i+=2){\n\tif(msg.payload[i].split(',')[0].substring(0,4) == '2014' && msg.payload[i].split(',')[1] == '全州地区生产总值（LS)'){\n \t   \ttmp = msg.payload[i+1]\n    \tvar item = msg.payload[i].split(',')[2]\n    \tpayload.push([item,parseInt(tmp)])\n}\n}\nvar out = []\n\nvar sorted_list = ['第一产业','第二产业','第三产业'];\n\nfor(var i=0;i<sorted_list.length;i+=1){\n\tfor(var j=0;j<payload.length;j+=1){\n\t\tif(sorted_list[i] == payload[j][0]){\n\t\t\tvar l = [sorted_list[i],payload[j][1]]\n\t\t\tout.push(l)\n\t\t}\n\t}\n}\n\n\npayload = {'value':out}\nmsg.payload = {'MsgID':'xctest2_2014','username':'admin','payload':payload}\nmsg.payload = JSON.stringify(msg.payload);\nreturn msg;","outputs":1,"x":735.666633605957,"y":328.6665782928467,"z":"7c564571.83a9bc","wires":[["aae80657.5517f8"]]},{"id":"aae80657.5517f8","type":"redisPub","name":"xctest2_2014","host":"127.0.0.1","port":6379,"user":"","passwd":"","channel":"xctest2_2014","x":942.6666412353516,"y":323.9999523162842,"z":"7c564571.83a9bc","wires":[]},{"id":"927c0af.f6d83f8","type":"function","name":"xctest2_d1","useRequire":false,"func":"var tmp = []\nvar payload = []\n\nfor(var i=0;i<msg.payload.length;i+=2){\n\tif(msg.payload[i].split(',')[2] == '第一产业' && msg.payload[i].split(',')[1] == '全州地区生产总值（LS)'){\n \t   \ttmp = msg.payload[i+1]\n    \tvar item = msg.payload[i].split(',')[0]\n    \tpayload.push([item,parseInt(tmp)])\n}\n}\n\npayload = {'value':payload}\nmsg.payload = {'MsgID':'xctest2_d1','username':'admin','payload':payload}\nmsg.payload = JSON.stringify(msg.payload);\nreturn msg;","outputs":1,"x":743.6665954589844,"y":381.66664123535156,"z":"7c564571.83a9bc","wires":[["c7c77b5a.383888"]]},{"id":"c7c77b5a.383888","type":"redisPub","name":"xctest2_d1","host":"127.0.0.1","port":6379,"user":"","passwd":"","channel":"xctest2_d1","x":920.6665954589844,"y":378.66661071777344,"z":"7c564571.83a9bc","wires":[]},{"id":"4406a49b.bbf95c","type":"function","name":"xctest2_d2","useRequire":false,"func":"var tmp = []\nvar payload = []\n\nfor(var i=0;i<msg.payload.length;i+=2){\n\tif(msg.payload[i].split(',')[2] == '第二产业' && msg.payload[i].split(',')[1] == '全州地区生产总值（LS)'){\n \t   \ttmp = msg.payload[i+1]\n    \tvar item = msg.payload[i].split(',')[0]\n    \tpayload.push([item,parseInt(tmp)])\n}\n}\n\npayload = {'value':payload}\nmsg.payload = {'MsgID':'xctest2_d2','username':'admin','payload':payload}\nmsg.payload = JSON.stringify(msg.payload);\nreturn msg;","outputs":1,"x":755.666633605957,"y":439.666654586792,"z":"7c564571.83a9bc","wires":[["158af928.ea7507"]]},{"id":"158af928.ea7507","type":"redisPub","name":"xctest2_d2","host":"127.0.0.1","port":6379,"user":"","passwd":"","channel":"xctest2_d2","x":962.3332214355469,"y":439.99998474121094,"z":"7c564571.83a9bc","wires":[]},{"id":"10030e42.effcf2","type":"function","name":"xctest2_d3","useRequire":false,"func":"var tmp = []\nvar payload = []\n\nfor(var i=0;i<msg.payload.length;i+=2){\n\tif(msg.payload[i].split(',')[2] == '第三产业' && msg.payload[i].split(',')[1] == '全州地区生产总值（LS)'){\n \t   \ttmp = msg.payload[i+1]\n    \tvar item = msg.payload[i].split(',')[0]\n    \tpayload.push([item,parseInt(tmp)])\n}\n}\n\npayload = {'value':payload}\nmsg.payload = {'MsgID':'xctest2_d3','username':'admin','payload':payload}\nmsg.payload = JSON.stringify(msg.payload);\nreturn msg;","outputs":1,"x":754.6666946411133,"y":487.66669845581055,"z":"7c564571.83a9bc","wires":[["b937859f.46c878"]]},{"id":"b937859f.46c878","type":"redisPub","name":"xctest2_d3","host":"127.0.0.1","port":6379,"user":"","passwd":"","channel":"xctest2_d3","x":973.6666564941406,"y":484.3333282470703,"z":"7c564571.83a9bc","wires":[]},{"id":"a4094642.5bf6b8","type":"function","name":"","useRequire":false,"func":"var ob = msg.payload\nvar temp = []\n\nfor(var i = 0 ;i < ob.length;i+=2){\n\ttemp.push(ob[i])\n}\nvar sort_ok = temp.sort()\nvar out = []\nfor(var i = 0;i<sort_ok.length; i++){\n\tout.push(temp[i]);\n\tfor(var j=0;j<ob.length;j+=2){\n\t\tif(ob[j] == temp[i]){\n\t\t\tout.push(ob[j+1])\n\t\t}\n\t\t}\n}\nmsg.payload = out\nreturn msg","outputs":1,"x":506.0000190734863,"y":461.3333339691162,"z":"7c564571.83a9bc","wires":[["927c0af.f6d83f8","4406a49b.bbf95c","10030e42.effcf2"]]},{"id":"6b5d1264.94a2ec","type":"debug","name":"","active":false,"console":"false","complete":"false","x":874.666690826416,"y":41.66666793823242,"z":"7c564571.83a9bc","wires":[]},{"id":"9a17ed1d.65e81","type":"redis in","hostname":"127.0.0.1","port":6379,"name":"","key":"xc_gvy","structtype":"zset","x":298,"y":758.9999694824219,"z":"7c564571.83a9bc","wires":[["e7b3ff43.184c"]]},{"id":"9d6b9b44.629468","type":"inject","name":"","topic":"","payload":"","payloadType":"date","repeat":"1","crontab":"","once":false,"x":129,"y":756.9999694824219,"z":"7c564571.83a9bc","wires":[["9a17ed1d.65e81"]]},{"id":"105e74a5.efa18b","type":"function","name":"xc_gvy","useRequire":false,"func":"var tmp = []\nvar payload = []\n\nfor(var i=0;i<msg.payload.length;i+=2){\n\tif(msg.payload[i].split(',')[1] == '全州地区生产总值（LS)'){\n \t   \ttmp = msg.payload[i+1]\n    \tvar item = msg.payload[i].split(',')[0]\n    \tpayload.push([item,parseInt(tmp)])\n}\n}\n\n\npayload = {'value':payload}\nmsg.payload = {'MsgID':'xc_gvy','username':'admin','payload':payload}\nmsg.payload = JSON.stringify(msg.payload);\nreturn msg;","outputs":1,"x":617.9999389648438,"y":759.9999694824219,"z":"7c564571.83a9bc","wires":[["856aa447.7a9558","5851316b.a7aed"]]},{"id":"e7b3ff43.184c","type":"function","name":"","useRequire":false,"func":"var ob = msg.payload\nvar temp = []\n\nfor(var i = 0 ;i < ob.length;i+=2){\n\ttemp.push(ob[i])\n}\nvar sort_ok = temp.sort()\nvar out = []\nfor(var i = 0;i<sort_ok.length; i++){\n\tout.push(temp[i]);\n\tfor(var j=0;j<ob.length;j+=2){\n\t\tif(ob[j] == temp[i]){\n\t\t\tout.push(ob[j+1])\n\t\t}\n\t\t}\n}\nmsg.payload = out\nreturn msg","outputs":1,"x":470,"y":761.9999694824219,"z":"7c564571.83a9bc","wires":[["105e74a5.efa18b","2ee3231f.d11cdc"]]},{"id":"856aa447.7a9558","type":"redisPub","name":"xc_gvy","host":"127.0.0.1","port":6379,"user":"","passwd":"","channel":"xc_gvy","x":784.9999694824219,"y":762.9999847412109,"z":"7c564571.83a9bc","wires":[]},{"id":"8f4ae11d.70b52","type":"redis in","hostname":"127.0.0.1","port":6379,"name":"","key":"xc_gry","structtype":"zset","x":305.4817810058594,"y":832.9999694824219,"z":"7c564571.83a9bc","wires":[["5a6b230d.a594dc"]]},{"id":"f2800190.0d8","type":"inject","name":"","topic":"","payload":"","payloadType":"date","repeat":"1","crontab":"","once":false,"x":129.48178100585938,"y":838.9999847412109,"z":"7c564571.83a9bc","wires":[["8f4ae11d.70b52"]]},{"id":"5a6b230d.a594dc","type":"function","name":"xc_gry","useRequire":false,"func":"var tmp = []\nvar payload = []\n\nfor(var i=0;i<msg.payload.length;i+=2){\n\tif(msg.payload[i].split(',')[1] == '全州地区生产总值（LS)'){\n \t   \ttmp = msg.payload[i+1]\n    \tvar item = msg.payload[i].split(',')[0]\n    \t\n    \tpayload.push([item,parseFloat(tmp)])\n}\n}\n\n\npayload = {'value':payload}\nmsg.payload = {'MsgID':'xc_gry','username':'admin','payload':payload}\nmsg.payload = JSON.stringify(msg.payload);\nreturn msg;","outputs":1,"x":529.481689453125,"y":835.9999694824219,"z":"7c564571.83a9bc","wires":[["5eb1b137.a14e5","2eeeb354.d1114c"]]},{"id":"5eb1b137.a14e5","type":"redisPub","name":"xc_gry","host":"127.0.0.1","port":6379,"user":"","passwd":"","channel":"xc_gry","x":793.4817504882812,"y":836.9999694824219,"z":"7c564571.83a9bc","wires":[]},{"id":"2eeeb354.d1114c","type":"debug","name":"","active":false,"console":"false","complete":"false","x":731.9999389648438,"y":908.9999694824219,"z":"7c564571.83a9bc","wires":[]},{"id":"5851316b.a7aed","type":"debug","name":"","active":false,"console":"false","complete":"false","x":774.9999389648438,"y":685.9999694824219,"z":"7c564571.83a9bc","wires":[]},{"id":"25b7da0c.da4826","type":"redis in","hostname":"127.0.0.1","port":6379,"name":"","key":"xc_gvq1","structtype":"zset","x":371.4817810058594,"y":1046.450668334961,"z":"7c564571.83a9bc","wires":[["993c4adc.66c3b8","6ff54607.900ab8"]]},{"id":"56ee4acc.a911b4","type":"inject","name":"","topic":"","payload":"","payloadType":"date","repeat":"1","crontab":"","once":false,"x":157.48178100585938,"y":1043.4507904052734,"z":"7c564571.83a9bc","wires":[["25b7da0c.da4826"]]},{"id":"78a4e8ac.875b18","type":"redisPub","name":"xc_gvq1","host":"127.0.0.1","port":6379,"user":"","passwd":"","channel":"xc_gvq1","x":879.1960487365723,"y":1044.7362747192383,"z":"7c564571.83a9bc","wires":[]},{"id":"c66258bd.399da8","type":"debug","name":"","active":false,"console":"false","complete":"false","x":733.9999389648438,"y":976.4504241943359,"z":"7c564571.83a9bc","wires":[]},{"id":"2b4c38c5.d4b3c8","type":"function","name":"xc_gvq1","useRequire":false,"func":"var tmp = []\nvar payload = []\n\nfor(var i=0;i<msg.payload.length;i+=2){\n\tif(msg.payload[i].split(',')[1] == '全州地区生产总值（LS)' && msg.payload[i].split(',')[2] == '1-3月'){\n \t   \ttmp = msg.payload[i+1]\n    \tvar item = msg.payload[i].split(',')[0]\n    \t\n    \tpayload.push([item,parseFloat(tmp)])\n}\n}\n\n\npayload = {'value':payload}\nmsg.payload = {'MsgID':'xc_gvq1','username':'admin','payload':payload}\nmsg.payload = JSON.stringify(msg.payload);\nreturn msg;","outputs":1,"x":695.9999542236328,"y":1045.4506130218506,"z":"7c564571.83a9bc","wires":[["c66258bd.399da8","78a4e8ac.875b18"]]},{"id":"993c4adc.66c3b8","type":"debug","name":"","active":false,"console":"false","complete":"false","x":466,"y":946.600592860366,"z":"7c564571.83a9bc","wires":[]},{"id":"4bb19442.b44e6c","type":"inject","name":"at 00:00","topic":"","payload":"","payloadType":"none","repeat":"","crontab":"","once":false,"x":437.99998474121094,"y":1120.3005695343018,"z":"7c564571.83a9bc","wires":[["640773ce.9bf88c","eb1e6dc3.14e19","5668f64e.a99708","d15f23e8.2ea0e","897c519.f7683b","347cfb82.cb8304","77a5b780.885a48","9556d160.6aa93"]]},{"id":"1636194c.e9c9e7","type":"redis-voyager","hostname":"127.0.0.1","port":6379,"name":"del redis","x":827.9166069030762,"y":1128.384105682373,"z":"7c564571.83a9bc","wires":[]},{"id":"640773ce.9bf88c","type":"function","name":"xctest2_2010","useRequire":false,"func":"msg.payload = ['del','xctest2_2010'];\n\nreturn msg;","outputs":1,"x":613.25,"y":1126.0503387451172,"z":"7c564571.83a9bc","wires":[["1636194c.e9c9e7"]]},{"id":"eb1e6dc3.14e19","type":"function","name":"xctest2_2011","useRequire":false,"func":"msg.payload = ['del','xctest2_2011'];\nreturn msg;","outputs":1,"x":602.7142639160156,"y":1174.6813201904297,"z":"7c564571.83a9bc","wires":[["1636194c.e9c9e7"]]},{"id":"5668f64e.a99708","type":"function","name":"xctest2_2012","useRequire":false,"func":"msg.payload = ['del','xctest2_2012'];\nreturn msg;","outputs":1,"x":611.2499694824219,"y":1219.4314422607422,"z":"7c564571.83a9bc","wires":[["1636194c.e9c9e7"]]},{"id":"d15f23e8.2ea0e","type":"function","name":"xctest2_2013","useRequire":false,"func":"msg.payload = ['del','xctest2_2013'];\n\nreturn msg;","outputs":1,"x":617.9999389648438,"y":1264.4505462646484,"z":"7c564571.83a9bc","wires":[["1636194c.e9c9e7"]]},{"id":"897c519.f7683b","type":"function","name":"xctest2_2014","useRequire":false,"func":"msg.payload = ['del','xctest2_2014'];\nreturn msg;","outputs":1,"x":607.4642028808594,"y":1313.081527709961,"z":"7c564571.83a9bc","wires":[["1636194c.e9c9e7"]]},{"id":"347cfb82.cb8304","type":"function","name":"xctest2_d1","useRequire":false,"func":"msg.payload = ['del','xctest2_d1'];\nreturn msg;","outputs":1,"x":601.9999694824219,"y":1373.4504852294922,"z":"7c564571.83a9bc","wires":[["1636194c.e9c9e7"]]},{"id":"77a5b780.885a48","type":"function","name":"xctest2_d2","useRequire":false,"func":"msg.payload = ['del','xctest2_d2'];\n\nreturn msg;","outputs":1,"x":608.7499389648438,"y":1418.4695892333984,"z":"7c564571.83a9bc","wires":[["1636194c.e9c9e7"]]},{"id":"9556d160.6aa93","type":"function","name":"xctest2_d3","useRequire":false,"func":"msg.payload = ['del','xctest2_d3'];\nreturn msg;","outputs":1,"x":598.2142028808594,"y":1467.100570678711,"z":"7c564571.83a9bc","wires":[["1636194c.e9c9e7"]]},{"id":"6ff54607.900ab8","type":"function","name":"","useRequire":false,"func":"var ob = msg.payload\nvar temp = []\n\nfor(var i = 0 ;i < ob.length;i+=2){\n\ttemp.push(ob[i])\n}\nvar sort_ok = temp.sort()\nvar out = []\nfor(var i = 0;i<sort_ok.length; i++){\n\tout.push(temp[i]);\n\tfor(var j=0;j<ob.length;j+=2){\n\t\tif(ob[j] == temp[i]){\n\t\t\tout.push(ob[j+1])\n\t\t}\n\t\t}\n}\nmsg.payload = out\nreturn msg","outputs":1,"x":545.7143096923828,"y":1042.857089996338,"z":"7c564571.83a9bc","wires":[["2b4c38c5.d4b3c8"]]},{"id":"2ee3231f.d11cdc","type":"debug","name":"","active":false,"console":"false","complete":"false","x":619.8148091634114,"y":671.8518560119129,"z":"7c564571.83a9bc","wires":[]},{"id":"5657ff38.a9a8","type":"function","name":"xctest2_2010","useRequire":false,"func":"var tmp = []\nvar payload = []\nvar data = {}\n\nfor(var i=0;i<msg.payload.length;i+=2)\n\tif(msg.payload[i].split(',')[0].substring(0,4) == '2010' && msg.payload[i].split(',')[1] == '全州地区生产总值（LS)'){\n \t   \tdata['NAME'] = msg.payload[i].split(',')[0].substring(0,4)\n \t   \ttmp = msg.payload[i+1]\n    \tvar item = msg.payload[i].split(',')[2]\n    \tdata['DATA'] = [item,tmp]\n    \tpayload.push(data)\n    if(data in payload){\n    \tbreak\n    }\n\n}\n\n\n\n\n\npayload = {'value':payload}\nmsg.payload = {'MsgID':'xctest2_2010','username':'admin','payload':payload}\nmsg.payload = JSON.stringify(msg.payload);\nreturn msg;","outputs":1,"x":696.4814605712891,"y":586.4814777374268,"z":"7c564571.83a9bc","wires":[["6b07a97.f94f858"]]},{"id":"f04841c7.0fb7c","type":"redisPub","name":"xctest2_2010","host":"127.0.0.1","port":6379,"user":"","passwd":"","channel":"xctest2_2010","x":935.1481628417969,"y":540.1481170654297,"z":"7c564571.83a9bc","wires":[]},{"id":"6b07a97.f94f858","type":"debug","name":"","active":false,"console":"false","complete":"false","x":884.8147811889648,"y":588.1481456756592,"z":"7c564571.83a9bc","wires":[]},{"id":"920b6b4.f6df498","type":"redisSub","name":"","host":"127.0.0.1","port":6379,"user":"","passwd":"","channel":"ml_test","x":57.518218994140625,"y":435.5229034423828,"z":"7c564571.83a9bc","wires":[["b4e45fab.4b1ba"]]},{"id":"b4e45fab.4b1ba","type":"debug","name":"","active":false,"console":"false","complete":"false","x":271.5182189941406,"y":425.5229034423828,"z":"7c564571.83a9bc","wires":[]},{"id":"37c2bc1f.c83d44","type":"function","name":"xc_map","useRequire":false,"func":"var tmp = []\nvar payload = []\n\nfor(var i=0;i<msg.payload.length;i+=2){\n\tif(msg.payload[i].split(',')[1] == '西昌市(XC)'){\n \t   \ttmp = msg.payload[i+1]\n    \tvar item = '地区生产总值_西昌市(XC)' + msg.payload[i].split(',')[0].substring(0,4) + msg.payload[i].split(',')[2]\n    \tpayload.push([item,parseInt(tmp)])\n}\n}\n\npayload = {'value':payload}\nmsg.payload = {'MsgID':'xc_map','username':'admin','payload':payload}\nmsg.payload = JSON.stringify(msg.payload);\nreturn msg;","outputs":1,"x":344.5182189941406,"y":584.5228881835938,"z":"7c564571.83a9bc","wires":[["2a7a9a00.d58566"]]},{"id":"2a7a9a00.d58566","type":"debug","name":"","active":false,"console":"false","complete":"false","x":483.6609802246094,"y":613.5228881835938,"z":"7c564571.83a9bc","wires":[]},{"id":"da2aef66.25d51","type":"redisSub","name":"","host":"127.0.0.1","port":6379,"user":"","passwd":"","channel":"liuc","x":102.88888549804688,"y":98.88888549804688,"z":"7c564571.83a9bc","wires":[[]]}]